feature,n_cc18,n_outside,mean_cc18,mean_outside,smd,abs_smd,ks_stat,ks_p,wasserstein_std,outside_below_cc18_min,outside_above_cc18_max,outside_beyond_cc18_range_fraction,ks_q_bh
f__pymfe.info-theory.class_conc.skewness,21,48,1.8373413586601426,0.7499162430907957,0.8971531857328345,0.8971531857328345,0.4255952380952381,0.006645403459890597,0.8379666836226752,1,0,0.020833333333333332,0.15202791441818345
f__pymfe.info-theory.class_conc.kurtosis,21,48,5.668256944224631,-0.3229620330065262,0.8252072996876637,0.8252072996876637,0.41964285714285715,0.007782591254404089,0.775744551073386,0,0,0.0,0.16201939975077603
f__pymfe.info-theory.joint_ent.histogram.7,23,51,0.07956412528403059,0.024552804656610878,0.8139268498637692,0.8139268498637692,0.39727195225916456,0.009205194039793103,0.7656262104200541,0,0,0.0,0.17778224151552222
f__pymfe.info-theory.class_conc.quantiles.3,23,51,0.02671621969687649,0.14735748058814283,-0.7175146190575138,0.7175146190575138,0.4884910485933504,0.0005661550909681654,0.6853295875617161,1,19,0.39215686274509803,0.06050310738813128
f__pymfe.model-based.tree_imbalance.histogram.2,63,83,0.04963891649391393,0.02771719600706147,0.7134105604326996,0.7134105604326996,0.3358194683495888,0.0004211409853161243,0.6744663703356499,0,0,0.0,0.06050310738813128
f__pymfe.info-theory.class_conc.iq_range,23,51,0.019269274479633447,0.09622007775357899,-0.6939011438950279,0.6939011438950279,0.4100596760443308,0.0064240169783995734,0.6655108939621313,0,18,0.35294117647058826,0.15202791441818345
f__pymfe.info-theory.mut_inf.kurtosis,21,48,5.291692215513633,-0.008394958233930105,0.6778100289597406,0.6778100289597406,0.32142857142857145,0.07637361641619991,0.6510202026154183,0,0,0.0,0.48199569730381286
f__pymfe.info-theory.class_conc.mean,23,51,0.02794357801371196,0.1095846942809809,-0.6504622461504319,0.6504622461504319,0.4620630861040068,0.0013220213709119796,0.627620212647718,2,18,0.39215686274509803,0.10091429797961443
f__pymfe.landmarking.linear_discr.sd,63,83,0.028644661217438874,0.05575025306189255,-0.623285755164801,0.623285755164801,0.2991011665710461,0.00241126497746155,0.6032821666004837,0,14,0.1686746987951807,0.1091068506966187
f__pymfe.relative.linear_discr.sd,63,83,0.028644661217438874,0.05575025306189255,-0.623285755164801,0.623285755164801,0.2991011665710461,0.00241126497746155,0.6032821666004837,0,14,0.1686746987951807,0.1091068506966187
f__pymfe.landmarking.linear_discr.range,63,83,0.08979873561019865,0.17032072256911007,-0.6136821946537417,0.6136821946537417,0.2826544272327405,0.004931057873592985,0.5941501968533524,0,17,0.20481927710843373,0.13944150862178906
f__pymfe.relative.linear_discr.range,63,83,0.08979873561019865,0.17032072256911007,-0.6136821946537417,0.6136821946537417,0.2826544272327405,0.004931057873592985,0.5941501968533524,0,17,0.20481927710843373,0.13944150862178906
f__pymfe.info-theory.class_conc.median,23,51,0.01214756507225962,0.09403187672232763,-0.6133056798578602,0.6133056798578602,0.525149190110827,0.00014485977372779335,0.5937896638642478,3,21,0.47058823529411764,0.03317288818366467
f__pymfe.info-theory.class_conc.quantiles.2,23,51,0.01214756507225962,0.09403187672232763,-0.6133056798578602,0.6133056798578602,0.525149190110827,0.00014485977372779335,0.5937896638642478,3,21,0.47058823529411764,0.03317288818366467
f__pymfe.model-based.var_importance.histogram.1,63,83,0.12097993336722393,0.0625232304698687,0.6083923445175868,0.6083923445175868,0.2876266972652515,0.003996473928107238,0.5842022885051784,0,0,0.0,0.139268428407737
f__pymfe.info-theory.mut_inf.skewness,21,48,1.5579884565212165,0.7828064814572638,0.6027002195130944,0.6027002195130944,0.31547619047619047,0.08579478358430057,0.7129251880686313,0,0,0.0,0.5007184201030548
f__pymfe.landmarking.one_nn.sd,63,83,0.03174117550308207,0.05837939876238584,-0.5948557778442932,0.5948557778442932,0.33409829795371965,0.00045342095417829167,0.5732448908701111,1,11,0.14457831325301204,0.06050310738813128
f__pymfe.relative.one_nn.sd,63,83,0.03174117550308207,0.05837939876238584,-0.5948557778442932,0.5948557778442932,0.33409829795371965,0.00045342095417829167,0.5732448908701111,1,11,0.14457831325301204,0.06050310738813128
f__pymfe.landmarking.linear_discr.iq_range,63,83,0.03396359637768064,0.0664756902389311,-0.5914289906133369,0.5914289906133369,0.30942818894626123,0.0015010168507435064,0.577601240594435,0,5,0.060240963855421686,0.10461434833660178
f__pymfe.relative.linear_discr.iq_range,63,83,0.03396359637768064,0.0664756902389311,-0.5914289906133369,0.5914289906133369,0.30942818894626123,0.0015010168507435064,0.577601240594435,0,5,0.060240963855421686,0.10461434833660178
f__pymfe.landmarking.best_node.range,63,83,0.04856309494620329,0.1179391391193028,-0.5829712835699179,0.5829712835699179,0.26965002868617327,0.0084665782847317,0.5617326261444209,0,12,0.14457831325301204,0.16964906238031147
f__pymfe.relative.best_node.range,63,83,0.04856309494620329,0.1179391391193028,-0.5829712835699179,0.5829712835699179,0.26965002868617327,0.0084665782847317,0.5617326261444209,0,12,0.14457831325301204,0.16964906238031147
f__pymfe.landmarking.best_node.sd,63,83,0.01591568277314443,0.03908719195522376,-0.5784009719925938,0.5784009719925938,0.2772996748900363,0.006194538627110601,0.5576683333823746,0,12,0.14457831325301204,0.15202791441818345
f__pymfe.relative.best_node.sd,63,83,0.01591568277314443,0.03908719195522376,-0.5784009719925938,0.5784009719925938,0.2772996748900363,0.006194538627110601,0.5576683333823746,0,12,0.14457831325301204,0.15202791441818345
f__pymfe.info-theory.class_conc.histogram.9,23,51,0.10559459637473302,0.1870477714252728,-0.566816537941417,0.566816537941417,0.33248081841432225,0.04435582120168936,0.5515656460854383,0,1,0.0196078431372549,0.37346201422370556
f__pymfe.landmarking.one_nn.range,63,83,0.10062566635693679,0.17482377208698316,-0.5666023469621385,0.5666023469621385,0.3220501051826353,0.0008232975687010194,0.5498749805833468,1,9,0.12048192771084337,0.06946031592777548
f__pymfe.relative.one_nn.range,63,83,0.10062566635693679,0.17482377208698316,-0.5666023469621385,0.5666023469621385,0.3220501051826353,0.0008232975687010194,0.5498749805833468,1,9,0.12048192771084337,0.06946031592777548
f__pymfe.info-theory.class_conc.sd,21,48,0.04736600890688826,0.09178341263514934,-0.5645564830579155,0.5645564830579155,0.30357142857142855,0.10749446129499567,0.5547129270736302,2,9,0.22916666666666666,0.5368025590525797
f__pymfe.landmarking.one_nn.iq_range,63,83,0.03963967292441339,0.07127016662056714,-0.5582127324523128,0.5582127324523128,0.3258749282845668,0.0006832431841602942,0.5414181368908949,0,14,0.1686746987951807,0.06442581318876185
f__pymfe.relative.one_nn.iq_range,63,83,0.03963967292441339,0.07127016662056714,-0.5582127324523128,0.5582127324523128,0.3258749282845668,0.0006832431841602942,0.5414181368908949,0,14,0.1686746987951807,0.06442581318876185
f__pymfe.landmarking.one_nn.min,63,83,0.6864847074778491,0.5713343942680107,0.5435405349698355,0.5435405349698355,0.2916427615222796,0.003338755777554179,0.5272908090008369,6,1,0.08433734939759036,0.12163694344134884
f__pymfe.landmarking.one_nn.quantiles.0,63,83,0.6864847074778491,0.5713343942680107,0.5435405349698355,0.5435405349698355,0.2916427615222796,0.003338755777554179,0.5272908090008369,6,1,0.08433734939759036,0.12163694344134884
f__pymfe.relative.one_nn.min,63,83,0.6864847074778491,0.5713343942680107,0.5435405349698355,0.5435405349698355,0.2916427615222796,0.003338755777554179,0.5272908090008369,6,1,0.08433734939759036,0.12163694344134884
f__pymfe.relative.one_nn.quantiles.0,63,83,0.6864847074778491,0.5713343942680107,0.5435405349698355,0.5435405349698355,0.2916427615222796,0.003338755777554179,0.5272908090008369,6,1,0.08433734939759036,0.12163694344134884
f__pymfe.info-theory.mut_inf.mean,23,51,0.05116149572767275,0.19988368263028178,-0.5389924920086862,0.5389924920086862,0.4381926683716965,0.0028112702866021086,0.5264618540621411,1,6,0.13725490196078433,0.11555041716469693
f__pymfe.landmarking.naive_bayes.sd,63,83,0.03310635359396799,0.05690599510691323,-0.5289665679791409,0.5289665679791409,0.3296997513864984,0.0005659348817980843,0.5611591802306796,0,10,0.12048192771084337,0.06050310738813128
f__pymfe.relative.naive_bayes.sd,63,83,0.03310635359396799,0.05690599510691323,-0.5289665679791409,0.5289665679791409,0.3296997513864984,0.0005659348817980843,0.5611591802306796,0,10,0.12048192771084337,0.06050310738813128
f__pymfe.landmarking.best_node.iq_range,63,83,0.01841421243335691,0.04530280173697025,-0.5270498479570962,0.5270498479570962,0.28112449799196787,0.005280980151269976,0.5115022976837267,0,12,0.14457831325301204,0.14109018637476287
f__pymfe.relative.best_node.iq_range,63,83,0.01841421243335691,0.04530280173697025,-0.5270498479570962,0.5270498479570962,0.28112449799196787,0.005280980151269976,0.5115022976837267,0,12,0.14457831325301204,0.14109018637476287
f__pymfe.info-theory.mut_inf.quantiles.3,23,51,0.06328132618591056,0.2664802590333922,-0.5145797403846953,0.5145797403846953,0.42284739982949704,0.0044074221618520225,0.5039076504013689,1,7,0.1568627450980392,0.13944150862178906
f__pymfe.landmarking.naive_bayes.range,63,83,0.10382744623374923,0.17502744109505822,-0.5118329454249261,0.5118329454249261,0.3417479441575827,0.0003071704769417685,0.5491110300013767,0,12,0.14457831325301204,0.054710474948628324
f__pymfe.relative.naive_bayes.range,63,83,0.10382744623374923,0.17502744109505822,-0.5118329454249261,0.5118329454249261,0.3417479441575827,0.0003071704769417685,0.5491110300013767,0,12,0.14457831325301204,0.054710474948628324
f__pymfe.model-based.nodes_repeated.histogram.2,63,83,0.09103052534009898,0.0502946391588075,0.5073890951977933,0.5073890951977933,0.30254350736278446,0.002069621220098759,0.5117864432888809,0,0,0.0,0.1091068506966187
f__pymfe.info-theory.mut_inf.max,23,51,0.17530688607201406,0.4506358629343706,-0.5070640331266195,0.5070640331266195,0.2898550724637681,0.11004841986972572,0.4967084335974282,0,14,0.27450980392156865,0.5394728350188694
f__pymfe.info-theory.mut_inf.quantiles.4,23,51,0.17530688607201406,0.4506358629343706,-0.5070640331266195,0.5070640331266195,0.2898550724637681,0.11004841986972572,0.4967084335974282,0,14,0.27450980392156865,0.5394728350188694
f__pymfe.statistical.cor.histogram.1,59,70,0.1586573223522388,0.11316436097978355,0.5001723802851606,0.5001723802851606,0.3314769975786925,0.0012253405836223589,0.49086330668851325,0,1,0.014285714285714285,0.09821104777733206
f__pymfe.landmarking.random_node.sd,63,83,0.012854324724168665,0.029653307351462318,-0.49375620659120023,0.49375620659120023,0.2174411933448078,0.05574475773522999,0.4823942472486532,0,8,0.0963855421686747,0.4284011025695144
f__pymfe.relative.random_node.sd,63,83,0.012854324724168665,0.029653307351462318,-0.49375620659120023,0.49375620659120023,0.2174411933448078,0.05574475773522999,0.4823942472486532,0,8,0.0963855421686747,0.4284011025695144
f__pymfe.info-theory.mut_inf.median,23,51,0.04055160984847446,0.1765894790141591,-0.4901500649526753,0.4901500649526753,0.3793691389599318,0.014635458543772137,0.481175819592114,2,5,0.13725490196078433,0.2044581126374255
f__pymfe.info-theory.mut_inf.quantiles.2,23,51,0.04055160984847446,0.1765894790141591,-0.4901500649526753,0.4901500649526753,0.3793691389599318,0.014635458543772137,0.481175819592114,2,5,0.13725490196078433,0.2044581126374255
f__pymfe.info-theory.attr_conc.kurtosis,21,47,9.795341603058963,4.69272123394556,0.48829880423014804,0.48829880423014804,0.20466058763931105,0.49930041497737393,0.4823996933319204,0,0,0.0,0.9175610393698177
f__pymfe.info-theory.mut_inf.histogram.8,23,51,0.04126486348980407,0.0160928590749669,0.48699894835890006,0.48699894835890006,0.17561807331628304,0.6360140030014221,0.4780475490108606,0,0,0.0,0.9764152113091069
f__pymfe.info-theory.mut_inf.quantiles.1,23,51,0.028589962405077166,0.11011190426417687,-0.4756908785334249,0.4756908785334249,0.42710997442455245,0.003865897294512882,0.46773178137332827,3,4,0.13725490196078433,0.13771185251342555
f__pymfe.info-theory.mut_inf.iq_range,23,51,0.03443514021177593,0.15553685499066702,-0.47438302719222714,0.47438302719222714,0.3878942881500426,0.011592654122789009,0.4662555076585927,0,12,0.23529411764705882,0.19004714091720326
f__pymfe.statistical.can_cor.histogram.8,63,83,0.044841269841269835,0.012963162172499522,0.47309616655490994,0.47309616655490994,0.16198125836680052,0.2655468254042794,0.46204959818794933,0,0,0.0,0.7956477778001119
f__pymfe.landmarking.linear_discr.min,63,83,0.6706173942632576,0.5733235447307636,0.47101214843558414,0.47101214843558414,0.21801491681009752,0.054899359075706304,0.4601208984734472,10,0,0.12048192771084337,0.4272022941667825
f__pymfe.landmarking.linear_discr.quantiles.0,63,83,0.6706173942632576,0.5733235447307636,0.47101214843558414,0.47101214843558414,0.21801491681009752,0.054899359075706304,0.4601208984734472,10,0,0.12048192771084337,0.4272022941667825
f__pymfe.relative.linear_discr.min,63,83,0.6706173942632576,0.5733235447307636,0.47101214843558414,0.47101214843558414,0.21801491681009752,0.054899359075706304,0.4601208984734472,10,0,0.12048192771084337,0.4272022941667825
f__pymfe.relative.linear_discr.quantiles.0,63,83,0.6706173942632576,0.5733235447307636,0.47101214843558414,0.47101214843558414,0.21801491681009752,0.054899359075706304,0.4601208984734472,10,0,0.12048192771084337,0.4272022941667825
f__pymfe.model-based.tree_depth.histogram.7,63,83,0.09532314091178344,0.07364460560052453,0.469577205828731,0.469577205828731,0.19315356664754255,0.11670934514531207,0.45879212098006233,4,0,0.04819277108433735,0.5486365990262031
f__pymfe.model-based.tree_depth.histogram.6,63,83,0.13857870710120593,0.11257746751171081,0.4651486770938819,0.4651486770938819,0.22107477529164277,0.049320176083254945,0.4551177952186771,0,0,0.0,0.40752702196627666
f__pymfe.landmarking.naive_bayes.min,63,83,0.6288939199152402,0.5427021765176178,0.46471682167433587,0.46471682167433587,0.2991011665710461,0.00241126497746155,0.46844385726473126,7,2,0.10843373493975904,0.1091068506966187
f__pymfe.landmarking.naive_bayes.quantiles.0,63,83,0.6288939199152402,0.5427021765176178,0.46471682167433587,0.46471682167433587,0.2991011665710461,0.00241126497746155,0.46844385726473126,7,2,0.10843373493975904,0.1091068506966187
f__pymfe.relative.naive_bayes.min,63,83,0.6288939199152402,0.5427021765176178,0.46471682167433587,0.46471682167433587,0.2991011665710461,0.00241126497746155,0.46844385726473126,7,2,0.10843373493975904,0.1091068506966187
f__pymfe.relative.naive_bayes.quantiles.0,63,83,0.6288939199152402,0.5427021765176178,0.46471682167433587,0.46471682167433587,0.2991011665710461,0.00241126497746155,0.46844385726473126,7,2,0.10843373493975904,0.1091068506966187
f__pymfe.info-theory.class_conc.quantiles.1,23,51,0.007584517389050241,0.051135054634353354,-0.4634480162403857,0.4634480162403857,0.4424552429667519,0.0024503098097805823,0.45668244072906267,6,14,0.39215686274509803,0.1091068506966187
f__pymfe.info-theory.attr_conc.skewness,21,47,2.546579705578653,1.8025158058113098,0.46283442629143234,0.46283442629143234,0.2259371833839919,0.3796556020155131,0.4626298226121026,1,0,0.02127659574468085,0.8718243989820778
f__pymfe.landmarking.random_node.range,63,83,0.04136801829612633,0.09104558147069791,-0.46103744199011293,0.46103744199011293,0.209217823675655,0.07225860387185915,0.4516102408794957,0,6,0.07228915662650602,0.46894956277971744
f__pymfe.relative.random_node.range,63,83,0.04136801829612633,0.09104558147069791,-0.46103744199011293,0.46103744199011293,0.209217823675655,0.07225860387185915,0.4516102408794957,0,6,0.07228915662650602,0.46894956277971744
f__pymfe.landmarking.random_node.iq_range,63,83,0.014324173738024193,0.03363870079750231,-0.45822876581486166,0.45822876581486166,0.19334480780263913,0.11623675039386809,0.4573121888124327,0,11,0.13253012048192772,0.5486365990262031
f__pymfe.relative.random_node.iq_range,63,83,0.014324173738024193,0.03363870079750231,-0.45822876581486166,0.45822876581486166,0.19334480780263913,0.11623675039386809,0.4573121888124327,0,11,0.13253012048192772,0.5486365990262031
f__pymfe.info-theory.mut_inf.range,23,51,0.1625570084450264,0.4060215369724452,-0.45435715281002564,0.45435715281002564,0.2770673486786019,0.1409052354777116,0.45313997893686675,0,10,0.19607843137254902,0.61545256804025
f__pymfe.landmarking.naive_bayes.iq_range,63,83,0.03996589140554032,0.06445573701778363,-0.45311071114163454,0.45311071114163454,0.26563396442914516,0.009873852280406391,0.48240979590090954,0,7,0.08433734939759036,0.17986119551694824
f__pymfe.relative.naive_bayes.iq_range,63,83,0.03996589140554032,0.06445573701778363,-0.45311071114163454,0.45311071114163454,0.26563396442914516,0.009873852280406391,0.48240979590090954,0,7,0.08433734939759036,0.17986119551694824
f__pymfe.landmarking.worst_node.iq_range,63,83,0.019004258211585422,0.04173236602077861,-0.45132648080762877,0.45132648080762877,0.25855804169057184,0.013060091713929706,0.4419205915803683,0,3,0.03614457831325301,0.19206722034338825
f__pymfe.relative.worst_node.iq_range,63,83,0.019004258211585422,0.04173236602077861,-0.45132648080762877,0.45132648080762877,0.25855804169057184,0.013060091713929706,0.4419205915803683,0,3,0.03614457831325301,0.19206722034338825
f__pymfe.model-based.nodes_repeated.histogram.4,63,83,0.049084653947989464,0.02527670800812166,0.45114727706147867,0.45114727706147867,0.2587492828456684,0.012980846955373996,0.4417825596579194,0,0,0.0,0.19206722034338825
f__pymfe.model-based.leaves_corrob.histogram.0,63,83,0.9015152154561406,0.8349917938859168,0.44396143144396183,0.44396143144396183,0.26563396442914516,0.009873852280406391,0.5027902876489678,3,1,0.04819277108433735,0.17986119551694824
f__pymfe.general.freq_class.skewness,58,98,-0.025889821603393415,0.2131747857483467,-0.4435257335038168,0.4435257335038168,0.16924700914848698,0.2156015577774349,0.43495662511887884,0,5,0.05102040816326531,0.7353389300366556
f__pymfe.statistical.sparsity.sd,71,100,0.060982202657064416,0.10006764152555091,-0.4418501586082097,0.4418501586082097,0.27605633802816903,0.0027047671281579836,0.43289513880842245,0,4,0.04,0.11555041716469693
f__pymfe.landmarking.elite_nn.max,63,83,0.5237536545965491,0.6261075175422198,-0.4335822018277424,0.4335822018277424,0.21533754063874547,0.05992810417373948,0.4417793602098502,2,8,0.12048192771084337,0.43078363672871917
f__pymfe.landmarking.elite_nn.quantiles.4,63,83,0.5237536545965491,0.6261075175422198,-0.4335822018277424,0.4335822018277424,0.21533754063874547,0.05992810417373948,0.4417793602098502,2,8,0.12048192771084337,0.43078363672871917
f__pymfe.relative.elite_nn.max,63,83,0.5237536545965491,0.6261075175422198,-0.4335822018277424,0.4335822018277424,0.21533754063874547,0.05992810417373948,0.4417793602098502,2,8,0.12048192771084337,0.43078363672871917
f__pymfe.relative.elite_nn.quantiles.4,63,83,0.5237536545965491,0.6261075175422198,-0.4335822018277424,0.4335822018277424,0.21533754063874547,0.05992810417373948,0.4417793602098502,2,8,0.12048192771084337,0.43078363672871917
f__pymfe.landmarking.one_nn.quantiles.1,63,83,0.7163958820279094,0.6296154785686112,0.4324414712038957,0.4324414712038957,0.25549818320902656,0.014631122457727574,0.4247772800664777,3,0,0.03614457831325301,0.2044581126374255
f__pymfe.relative.one_nn.quantiles.1,63,83,0.7163958820279094,0.6296154785686112,0.4324414712038957,0.4324414712038957,0.25549818320902656,0.014631122457727574,0.4247772800664777,3,0,0.03614457831325301,0.2044581126374255
f__pymfe.general.freq_class.histogram.1,71,100,0.006851364597843469,0.036664135572030306,-0.42992568147358434,0.42992568147358434,0.15774647887323945,0.2214795751608067,0.42172654400998405,0,7,0.07,0.7467008722776428
f__pymfe.landmarking.worst_node.sd,63,83,0.018499987909983567,0.0348071623942892,-0.42119011871515555,0.42119011871515555,0.21801491681009752,0.054899359075706304,0.41362350612147775,0,3,0.03614457831325301,0.4272022941667825
f__pymfe.relative.worst_node.sd,63,83,0.018499987909983567,0.0348071623942892,-0.42119011871515555,0.42119011871515555,0.21801491681009752,0.054899359075706304,0.41362350612147775,0,3,0.03614457831325301,0.4272022941667825
f__pymfe.landmarking.elite_nn.iq_range,63,83,0.04676567731831052,0.07054640026230218,-0.4191006834010516,0.4191006834010516,0.2744310575635877,0.00694259868264463,0.525448069516913,0,21,0.25301204819277107,0.15202791441818345
f__pymfe.relative.elite_nn.iq_range,63,83,0.04676567731831052,0.07054640026230218,-0.4191006834010516,0.4191006834010516,0.2744310575635877,0.00694259868264463,0.525448069516913,0,21,0.25301204819277107,0.15202791441818345
f__pymfe.statistical.can_cor.skewness,31,32,-0.2325219309983116,-0.02702095799391823,-0.41872036256837514,0.41872036256837514,0.3014112903225806,0.08945628781599588,0.41732771350600056,0,1,0.03125,0.50505346308273
f__pymfe.info-theory.mut_inf.histogram.0,23,51,0.45945444112350464,0.3619797093178773,0.41767700840469224,0.41767700840469224,0.2710997442455243,0.15677010388841262,0.45756420825371036,0,1,0.0196078431372549,0.6443653244439114
f__pymfe.statistical.min.histogram.9,63,83,0.12803602165432548,0.22707475769176694,-0.4145762868684672,0.4145762868684672,0.18646012621916236,0.14163169404322945,0.4073967906263038,0,6,0.07228915662650602,0.616944580302437
f__pymfe.info-theory.class_conc.histogram.0,23,51,0.5010684470279305,0.40156819423822604,0.4134246749357997,0.4134246749357997,0.25831202046035806,0.19552750497215277,0.43150045300807655,0,0,0.0,0.7033979673967087
f__pymfe.info-theory.attr_ent.histogram.7,23,51,0.05801880819898336,0.031020409523869724,0.4105333667923466,0.4105333667923466,0.3537936913895993,0.02774201938714712,0.4059123915073247,0,0,0.0,0.322249688968093
f__pymfe.info-theory.mut_inf.histogram.4,23,51,0.02690198289491213,0.05583509084090507,-0.4104798992660518,0.4104798992660518,0.20971867007672634,0.4205641442555504,0.4058614168506949,0,8,0.1568627450980392,0.8718243989820778
f__pymfe.statistical.mad.skewness,59,77,1.9143421362359618,1.2684565836000028,0.404119937131267,0.404119937131267,0.25797930882676645,0.018354970424253075,0.3976120489947663,2,0,0.025974025974025976,0.2372823999199813
f__pymfe.landmarking.worst_node.range,63,83,0.055877098825373776,0.10074770549743177,-0.40015338138208306,0.40015338138208306,0.23006310958118187,0.0367694329125862,0.39377587880198456,0,3,0.03614457831325301,0.35084167237425995
f__pymfe.relative.worst_node.range,63,83,0.055877098825373776,0.10074770549743177,-0.40015338138208306,0.40015338138208306,0.23006310958118187,0.0367694329125862,0.39377587880198456,0,3,0.03614457831325301,0.35084167237425995
f__pymfe.statistical.roy_root,63,82,10.749696055873292,3.085497669915476,0.3976456012950128,0.3976456012950128,0.22125435540069685,0.050609146238306035,0.39409138532218607,1,0,0.012195121951219513,0.41399180878568986
f__pymfe.statistical.mean.histogram.8,63,83,0.038729858157335914,0.016314619924153194,0.39730736871122885,0.39730736871122885,0.20462803595333715,0.08309545993175801,0.39108139082692916,0,0,0.0,0.5007184201030548
f__pymfe.statistical.mad.histogram.9,63,83,0.0894990680731854,0.1425404213531443,-0.3966261081559127,0.3966261081559127,0.21438133486326258,0.06182427679565991,0.3933745315075764,0,2,0.024096385542168676,0.43292197406461513
f__pymfe.statistical.range.histogram.3,63,83,0.020883539335350396,0.050245950950136745,-0.39566292798358854,0.39566292798358854,0.1392235609103079,0.4401383351430899,0.38952350351308385,0,5,0.060240963855421686,0.8790429633980655
f__pymfe.model-based.leaves_branch.histogram.6,63,83,0.10815875882062678,0.08497659822461096,0.3935758754191836,0.3935758754191836,0.2082616179001721,0.07474460282024442,0.4216298838909324,0,1,0.012048192771084338,0.47497500899909234
f__pymfe.info-theory.mut_inf.sd,21,48,0.04911528706532242,0.19074356194002284,-0.38741639561389857,0.38741639561389857,0.3630952380952381,0.0314548626226992,0.38609888309021495,3,14,0.3541666666666667,0.34473469053364125
f__pymfe.landmarking.naive_bayes.min.relative,71,100,5.232394366197183,4.6825,0.3873201610123262,0.3873201610123262,0.25464788732394367,0.007194020332274579,0.38740930203355994,0,0,0.0,0.15202791441818345
f__pymfe.landmarking.naive_bayes.quantiles.0.relative,71,100,5.232394366197183,4.6825,0.3873201610123262,0.3873201610123262,0.25464788732394367,0.007194020332274579,0.38740930203355994,0,0,0.0,0.15202791441818345
f__pymfe.relative.naive_bayes.min.relative,71,100,5.232394366197183,4.6825,0.3873201610123262,0.3873201610123262,0.25464788732394367,0.007194020332274579,0.38740930203355994,0,0,0.0,0.15202791441818345
f__pymfe.relative.naive_bayes.quantiles.0.relative,71,100,5.232394366197183,4.6825,0.3873201610123262,0.3873201610123262,0.25464788732394367,0.007194020332274579,0.38740930203355994,0,0,0.0,0.15202791441818345
f__pymfe.model-based.var_importance.iq_range,63,83,0.044790386581614425,0.07540287246176668,-0.3860172831613125,0.3860172831613125,0.2109389940715242,0.06890913552538917,0.38316330638406604,0,5,0.060240963855421686,0.4545734331160446
f__pymfe.model-based.leaves_branch.histogram.7,63,83,0.0684082129226538,0.0522979776044587,0.3857855215922054,0.3857855215922054,0.1944922547332186,0.11296471446572612,0.38992293310056153,0,1,0.012048192771084338,0.5477957480959916
f__pymfe.landmarking.one_nn.max.relative,71,100,5.855633802816901,5.3325,0.38550155944116293,0.38550155944116293,0.20197183098591548,0.056854053244464894,0.37976961818618044,1,0,0.01,0.4284011025695144
f__pymfe.landmarking.one_nn.quantiles.4.relative,71,100,5.855633802816901,5.3325,0.38550155944116293,0.38550155944116293,0.20197183098591548,0.056854053244464894,0.37976961818618044,1,0,0.01,0.4284011025695144
f__pymfe.relative.one_nn.max.relative,71,100,5.855633802816901,5.3325,0.38550155944116293,0.38550155944116293,0.20197183098591548,0.056854053244464894,0.37976961818618044,1,0,0.01,0.4284011025695144
f__pymfe.relative.one_nn.quantiles.4.relative,71,100,5.855633802816901,5.3325,0.38550155944116293,0.38550155944116293,0.20197183098591548,0.056854053244464894,0.37976961818618044,1,0,0.01,0.4284011025695144
f__pymfe.landmarking.elite_nn.quantiles.3,63,83,0.47965823730039,0.5639123420547921,-0.3846380258418636,0.3846380258418636,0.214190093708166,0.06211606614776137,0.39642742728245084,2,3,0.060240963855421686,0.43292197406461513
f__pymfe.relative.elite_nn.quantiles.3,63,83,0.47965823730039,0.5639123420547921,-0.3846380258418636,0.3846380258418636,0.214190093708166,0.06211606614776137,0.39642742728245084,2,3,0.060240963855421686,0.43292197406461513
f__pymfe.statistical.kurtosis.histogram.9,60,72,0.10389131039882134,0.15557230926288582,-0.3839306549881447,0.3839306549881447,0.2361111111111111,0.043720178298074605,0.3830796354028378,0,0,0.0,0.37346201422370556
f__pymfe.statistical.iq_range.skewness,61,79,1.8789746841715624,1.1023412570151074,0.3837388409689221,0.3837388409689221,0.2305457563809919,0.04205774897732743,0.39831847015216476,1,0,0.012658227848101266,0.3718839828216098
f__pymfe.statistical.lh_trace,63,82,21.500715763405058,7.1029009974936645,0.3835074048308994,0.3835074048308994,0.2005420054200542,0.09636385722420152,0.379104107399804,1,0,0.012195121951219513,0.5193077747803049
f__pymfe.landmarking.elite_nn.range,63,83,0.1334916053343069,0.18894679115811477,-0.38321929400931787,0.38321929400931787,0.3056033658443297,0.0017901833527417524,0.5562038096994054,0,16,0.1927710843373494,0.1091068506966187
f__pymfe.relative.elite_nn.range,63,83,0.1334916053343069,0.18894679115811477,-0.38321929400931787,0.38321929400931787,0.3056033658443297,0.0017901833527417524,0.5562038096994054,0,16,0.1927710843373494,0.1091068506966187
f__pymfe.landmarking.naive_bayes.histogram.9,63,83,0.13650793650793647,0.18012048192771085,-0.3831494622768844,0.3831494622768844,0.16121629374641422,0.27153213401170906,0.37764499721372,0,2,0.024096385542168676,0.803073820702527
f__pymfe.relative.naive_bayes.histogram.9,63,83,0.13650793650793647,0.18012048192771085,-0.3831494622768844,0.3831494622768844,0.16121629374641422,0.27153213401170906,0.37764499721372,0,2,0.024096385542168676,0.803073820702527
f__pymfe.model-based.nodes_repeated.histogram.1,63,83,0.08008442056831627,0.048293516672555645,0.3823737390823996,0.3823737390823996,0.22757697456492637,0.039905547503947,0.37781325896261925,0,0,0.0,0.3583743932513665
f__pymfe.landmarking.elite_nn.sd,63,83,0.04281633354722944,0.060360082537617155,-0.3823513893954088,0.3823513893954088,0.2859055268693823,0.004286655790592896,0.5468258299266642,2,16,0.21686746987951808,0.13944150862178906
f__pymfe.relative.elite_nn.sd,63,83,0.04281633354722944,0.060360082537617155,-0.3823513893954088,0.3823513893954088,0.2859055268693823,0.004286655790592896,0.5468258299266642,2,16,0.21686746987951808,0.13944150862178906
f__pymfe.landmarking.one_nn.mean,63,83,0.7366335661280486,0.6638387471289201,0.38100420101224,0.38100420101224,0.21610250525913177,0.05811078713521029,0.3756477291643548,3,1,0.04819277108433735,0.4292700081923599
f__pymfe.relative.one_nn.mean,63,83,0.7366335661280486,0.6638387471289201,0.38100420101224,0.38100420101224,0.21610250525913177,0.05811078713521029,0.3756477291643548,3,1,0.04819277108433735,0.4292700081923599
f__pymfe.landmarking.best_node.max,63,83,0.47244053235282096,0.5721868288065125,-0.3798426510245563,0.3798426510245563,0.22853318034040926,0.03871404410347673,0.38952612291686,2,7,0.10843373493975904,0.3546206439878469
f__pymfe.landmarking.best_node.quantiles.4,63,83,0.47244053235282096,0.5721868288065125,-0.3798426510245563,0.3798426510245563,0.22853318034040926,0.03871404410347673,0.38952612291686,2,7,0.10843373493975904,0.3546206439878469
f__pymfe.relative.best_node.max,63,83,0.47244053235282096,0.5721868288065125,-0.3798426510245563,0.3798426510245563,0.22853318034040926,0.03871404410347673,0.38952612291686,2,7,0.10843373493975904,0.3546206439878469
f__pymfe.relative.best_node.quantiles.4,63,83,0.47244053235282096,0.5721868288065125,-0.3798426510245563,0.3798426510245563,0.22853318034040926,0.03871404410347673,0.38952612291686,2,7,0.10843373493975904,0.3546206439878469
f__pymfe.model-based.leaves_homo.histogram.9,63,83,0.025425675023916912,0.05180827323328473,-0.3776847689653015,0.3776847689653015,0.19831707783515012,0.10101326657493846,0.39658510089784227,3,8,0.13253012048192772,0.5226938447064451
f__pymfe.model-based.var_importance.quantiles.3,63,83,0.10354535906927988,0.1780736662460001,-0.37722849871624153,0.37722849871624153,0.25262956588257796,0.016358891947804967,0.3723675334176467,0,0,0.0,0.2149451130518964
f__pymfe.landmarking.one_nn.histogram.1,63,83,0.026984126984126985,0.046987951807228916,-0.3767894098436231,0.3767894098436231,0.19066743163128705,0.12603197084904472,0.3715918568361012,0,2,0.024096385542168676,0.5682537303294807
f__pymfe.relative.one_nn.histogram.1,63,83,0.026984126984126985,0.046987951807228916,-0.3767894098436231,0.3767894098436231,0.19066743163128705,0.12603197084904472,0.3715918568361012,0,2,0.024096385542168676,0.5682537303294807
f__pymfe.statistical.can_cor.histogram.3,63,83,0.028320105820105815,0.010925846242111303,0.3755588117618347,0.3755588117618347,0.13023522662076878,0.5220829673271801,0.3704194300899529,0,0,0.0,0.9361286315721137
f__pymfe.statistical.skewness.histogram.2,60,72,0.1152773814986358,0.07239623346033335,0.3752816319345393,0.3752816319345393,0.18611111111111112,0.18226194436934018,0.37021635781681306,0,0,0.0,0.6967497765765257
f__pymfe.model-based.nodes_per_level.histogram.2,63,83,0.08480663286485396,0.06691338082982369,0.36883706054531834,0.36883706054531834,0.1962134251290878,0.10734848583719199,0.3640085545551029,0,0,0.0,0.5368025590525797
f__pymfe.general.freq_class.histogram.5,71,100,0.17137697982768405,0.06583030303030302,0.368021313208876,0.368021313208876,0.13718309859154929,0.371459027365736,0.3631165665221206,0,0,0.0,0.8692683516310581
f__pymfe.landmarking.one_nn.median,63,83,0.7369560299583837,0.664872683182012,0.3674075524591368,0.3674075524591368,0.20405431248804742,0.08469943635325308,0.3653916071921186,2,0,0.024096385542168676,0.5007184201030548
f__pymfe.landmarking.one_nn.quantiles.2,63,83,0.7369560299583837,0.664872683182012,0.3674075524591368,0.3674075524591368,0.20405431248804742,0.08469943635325308,0.3653916071921186,2,0,0.024096385542168676,0.5007184201030548
f__pymfe.relative.one_nn.median,63,83,0.7369560299583837,0.664872683182012,0.3674075524591368,0.3674075524591368,0.20405431248804742,0.08469943635325308,0.3653916071921186,2,0,0.024096385542168676,0.5007184201030548
f__pymfe.relative.one_nn.quantiles.2,63,83,0.7369560299583837,0.664872683182012,0.3674075524591368,0.3674075524591368,0.20405431248804742,0.08469943635325308,0.3653916071921186,2,0,0.024096385542168676,0.5007184201030548
f__pymfe.info-theory.ns_ratio,23,51,98.59893481882955,46.986194247751186,0.3663104605337056,0.3663104605337056,0.4381926683716965,0.0028112702866021086,0.38577598049526046,18,0,0.35294117647058826,0.11555041716469693
f__pymfe.landmarking.linear_discr.quantiles.1,63,83,0.6987097350210607,0.6269862830971977,0.36516975007176833,0.36516975007176833,0.17995792694587875,0.16856345312496895,0.3605060022492466,6,0,0.07228915662650602,0.6704893681372834
f__pymfe.relative.linear_discr.quantiles.1,63,83,0.6987097350210607,0.6269862830971977,0.36516975007176833,0.36516975007176833,0.17995792694587875,0.16856345312496895,0.3605060022492466,6,0,0.07228915662650602,0.6704893681372834
f__pymfe.model-based.leaves_corrob.iq_range,63,83,0.005615911482524402,0.016509744067275067,-0.3646825187105986,0.3646825187105986,0.214190093708166,0.06211606614776137,0.37112798406825537,3,3,0.07228915662650602,0.43292197406461513
f__pymfe.model-based.nodes_per_level.histogram.4,63,83,0.0489998417743397,0.0369076472929798,0.36228432554939316,0.36228432554939316,0.2197360872059667,0.05194738553126427,0.3666223083718449,0,0,0.0,0.4184505477719428
f__pymfe.info-theory.joint_ent.quantiles.3,23,51,2.8248403529389416,3.530669970291104,-0.3620740352640005,0.3620740352640005,0.23785166240409208,0.27683821851098517,0.36001987283297193,0,3,0.058823529411764705,0.8037317757243894
f__pymfe.info-theory.attr_ent.max,23,51,2.3521464697763497,3.111353415484586,-0.36107501236753853,0.36107501236753853,0.1926683716965047,0.5211783810630535,0.3722236240103328,3,5,0.1568627450980392,0.9355531297246078
f__pymfe.info-theory.attr_ent.quantiles.4,23,51,2.3521464697763497,3.111353415484586,-0.36107501236753853,0.36107501236753853,0.1926683716965047,0.5211783810630535,0.3722236240103328,3,5,0.1568627450980392,0.9355531297246078
f__pymfe.info-theory.joint_ent.max,23,51,3.4751030236821596,4.22535979372807,-0.3602973137582854,0.3602973137582854,0.22932651321398123,0.3166952871325653,0.3595484378992308,1,4,0.09803921568627451,0.8185424191810081
f__pymfe.info-theory.joint_ent.quantiles.4,23,51,3.4751030236821596,4.22535979372807,-0.3602973137582854,0.3602973137582854,0.22932651321398123,0.3166952871325653,0.3595484378992308,1,4,0.09803921568627451,0.8185424191810081
f__pymfe.statistical.eigenvalues.histogram.0,62,80,0.7948074901483404,0.7037145584904348,0.3599412975687846,0.3599412975687846,0.2310483870967742,0.0391168160576757,0.3680062807124396,0,0,0.0,0.35627418261621674
f__pymfe.model-based.tree_shape.quantiles.3,63,83,0.054787333049471414,0.09116508300045893,-0.3598519188706706,0.3598519188706706,0.1539491298527443,0.3208066670927297,0.3693169227174213,2,8,0.12048192771084337,0.8185424191810081
f__pymfe.info-theory.attr_conc.histogram.9,21,47,0.06815776815776811,0.12170642596174507,-0.35793198525073855,0.35793198525073855,0.26646403242147926,0.20941972540618706,0.35583142597423734,0,0,0.0,0.7258732560614128
f__pymfe.info-theory.mut_inf.histogram.9,23,51,0.12433779654498282,0.17514052621923754,-0.3578812289386586,0.3578812289386586,0.2208013640238704,0.3595780627265659,0.35538231815879273,0,0,0.0,0.8530684789277657
f__pymfe.landmarking.one_nn.quantiles.3.relative,71,100,5.859154929577465,5.35,0.356437600524855,0.356437600524855,0.15971830985915492,0.21040462125600448,0.35486273073145935,0,0,0.0,0.7258732560614128
f__pymfe.relative.one_nn.quantiles.3.relative,71,100,5.859154929577465,5.35,0.356437600524855,0.356437600524855,0.15971830985915492,0.21040462125600448,0.35486273073145935,0,0,0.0,0.7258732560614128
f__pymfe.info-theory.mut_inf.min,23,51,0.012597723469855516,0.04406142306882694,-0.3561202385117227,0.3561202385117227,0.44671781756180734,0.0021340311569940846,0.35528097843082773,6,2,0.1568627450980392,0.1091068506966187
f__pymfe.info-theory.mut_inf.quantiles.0,23,51,0.012597723469855516,0.04406142306882694,-0.3561202385117227,0.3561202385117227,0.44671781756180734,0.0021340311569940846,0.35528097843082773,6,2,0.1568627450980392,0.1091068506966187
f__pymfe.model-based.nodes_per_inst,63,83,0.12141130600921674,0.15423391436742934,-0.3555386400485392,0.3555386400485392,0.18913750239051444,0.13145752147261786,0.38690546805784115,4,9,0.1566265060240964,0.586981634876341
f__pymfe.statistical.cor.histogram.2,59,70,0.11390481126864355,0.08832386125834579,0.3551107601384057,0.3551107601384057,0.2046004842615012,0.11504967287351395,0.3701027956195102,0,0,0.0,0.5477957480959916
f__pymfe.statistical.sparsity.range,71,100,0.23261157971276616,0.34781084432567577,-0.35397193438687047,0.35397193438687047,0.2219718309859155,0.027467924253125473,0.34973424223089367,0,0,0.0,0.322249688968093
f__pymfe.model-based.nodes_repeated.histogram.9,63,83,0.09753631448890505,0.14291747550936423,-0.353901829925174,0.353901829925174,0.2159112641040352,0.05877025298951584,0.3625127755613222,0,1,0.012048192771084338,0.43029244314125314
f__pymfe.statistical.mad.kurtosis,59,77,6.1923772170219875,2.6227273977942454,0.35313841401614887,0.35313841401614887,0.23816861104996698,0.036492568348470554,0.349069286870242,0,0,0.0,0.35084167237425995
f__pymfe.model-based.nodes_per_level.histogram.7,63,83,0.05178986182357328,0.04012434650172745,0.3527590105936771,0.3527590105936771,0.2937464142283419,0.0030737358506739984,0.4484378329217261,0,5,0.060240963855421686,0.12163694344134884
f__pymfe.info-theory.class_conc.histogram.1,23,51,0.11652836338166923,0.08352779452904767,0.35258097342878114,0.35258097342878114,0.20119352088661552,0.47152170598596005,0.35105024626689535,0,0,0.0,0.9010719817258079
f__pymfe.info-theory.attr_ent.quantiles.3,23,51,1.6828622611736117,2.3447074158658383,-0.34836989628752835,0.34836989628752835,0.1875532821824382,0.5557483210830034,0.3559277842049253,1,8,0.17647058823529413,0.9544093034837953
f__pymfe.statistical.skewness.histogram.3,60,72,0.1049432473804768,0.07316595029590112,0.34783542619762486,0.34783542619762486,0.19722222222222222,0.1366893753282969,0.3475268154690613,0,1,0.013888888888888888,0.6086474129201664
f__pymfe.info-theory.joint_ent.median,23,51,2.5572000067590626,3.202037499456317,-0.34744916789123664,0.34744916789123664,0.25831202046035806,0.19552750497215277,0.3479427737838111,0,5,0.09803921568627451,0.7033979673967087
f__pymfe.info-theory.joint_ent.quantiles.2,23,51,2.5572000067590626,3.202037499456317,-0.34744916789123664,0.34744916789123664,0.25831202046035806,0.19552750497215277,0.3479427737838111,0,5,0.09803921568627451,0.7033979673967087
f__pymfe.general.freq_class.histogram.3,71,100,0.009606356085229324,0.03476298701298701,-0.3465909299312596,0.3465909299312596,0.14774647887323944,0.2875365964530574,0.35001277424122856,0,1,0.01,0.8037317757243894
f__pymfe.landmarking.elite_nn.mean,63,83,0.45610919626938007,0.5296617775912013,-0.3462289450675998,0.3462289450675998,0.18703384968445208,0.13930912311353552,0.360084043224066,2,3,0.060240963855421686,0.6101435091557308
f__pymfe.relative.elite_nn.mean,63,83,0.45610919626938007,0.5296617775912013,-0.3462289450675998,0.3462289450675998,0.18703384968445208,0.13930912311353552,0.360084043224066,2,3,0.060240963855421686,0.6101435091557308
f__pymfe.info-theory.joint_ent.mean,23,51,2.5848768829764324,3.2020226930876228,-0.34558519359230894,0.34558519359230894,0.19522591645353793,0.5063062310040944,0.3434903776681305,0,4,0.0784313725490196,0.9201914833328384
f__pymfe.model-based.tree_depth.histogram.0,63,83,0.012615282970549193,0.023364069358947092,-0.3444767792570604,0.3444767792570604,0.27500478102887743,0.006787574311074317,0.3458488239026353,2,3,0.060240963855421686,0.15202791441818345
f__pymfe.model-based.nodes_repeated.histogram.3,63,83,0.07602248396172519,0.04997687052496176,0.3437413085615523,0.3437413085615523,0.25760183591508895,0.013583689734340511,0.3967187160987374,0,2,0.024096385542168676,0.19795140585588947
f__pymfe.info-theory.class_conc.max,23,51,0.17952671878663598,0.2649622917368913,-0.34363241051519955,0.34363241051519955,0.18840579710144928,0.5488264320748969,0.3421367225682753,0,8,0.1568627450980392,0.9500604458767637
f__pymfe.info-theory.class_conc.quantiles.4,23,51,0.17952671878663598,0.2649622917368913,-0.34363241051519955,0.34363241051519955,0.18840579710144928,0.5488264320748969,0.3421367225682753,0,8,0.1568627450980392,0.9500604458767637
f__pymfe.statistical.median.histogram.9,63,83,0.10398634571418414,0.15603134314919256,-0.34321019057580127,0.34321019057580127,0.15127175368139223,0.3411773326308348,0.35386532309098667,0,3,0.03614457831325301,0.8362496394605936
f__pymfe.statistical.eigenvalues.histogram.9,62,80,0.08285052133137037,0.12200879880107225,-0.34291843685098455,0.34291843685098455,0.23629032258064517,0.03276867107574674,0.3412352997216681,3,0,0.0375,0.3502436758180833
f__pymfe.model-based.leaves_corrob.quantiles.3,63,83,0.006558349679332277,0.025511290214461992,-0.34224753333441194,0.34224753333441194,0.24593612545419774,0.02094837088137143,0.3461289044475606,4,3,0.08433734939759036,0.2598612093376922
f__pymfe.info-theory.class_conc.min,23,51,0.002550232370923557,0.022832687514267484,-0.3414631310287942,0.3414631310287942,0.4075021312872975,0.006793666584978144,0.33949948829279347,1,12,0.2549019607843137,0.15202791441818345
f__pymfe.info-theory.class_conc.quantiles.0,23,51,0.002550232370923557,0.022832687514267484,-0.3414631310287942,0.3414631310287942,0.4075021312872975,0.006793666584978144,0.33949948829279347,1,12,0.2549019607843137,0.15202791441818345
f__pymfe.landmarking.one_nn.mean.relative,71,100,5.823943661971831,5.3225,0.3409925401652355,0.3409925401652355,0.1415492957746479,0.33553895301609143,0.3399639746274024,0,0,0.0,0.8257740862553441
f__pymfe.relative.one_nn.mean.relative,71,100,5.823943661971831,5.3225,0.3409925401652355,0.3409925401652355,0.1415492957746479,0.33553895301609143,0.3399639746274024,0,0,0.0,0.8257740862553441
f__pymfe.statistical.sparsity.iq_range,71,100,0.05196110357039942,0.09221089313864311,-0.33928247149835444,0.33928247149835444,0.1928169014084507,0.07735814832904887,0.3355726643433574,0,5,0.05,0.48629455596653076
f__pymfe.landmarking.elite_nn.median,63,83,0.4561222075454503,0.5282969023891112,-0.3367862131962562,0.3367862131962562,0.19908204245553643,0.09866137481739266,0.35118369994525644,2,3,0.060240963855421686,0.5226938447064451
f__pymfe.landmarking.elite_nn.quantiles.2,63,83,0.4561222075454503,0.5282969023891112,-0.3367862131962562,0.3367862131962562,0.19908204245553643,0.09866137481739266,0.35118369994525644,2,3,0.060240963855421686,0.5226938447064451
f__pymfe.relative.elite_nn.median,63,83,0.4561222075454503,0.5282969023891112,-0.3367862131962562,0.3367862131962562,0.19908204245553643,0.09866137481739266,0.35118369994525644,2,3,0.060240963855421686,0.5226938447064451
f__pymfe.relative.elite_nn.quantiles.2,63,83,0.4561222075454503,0.5282969023891112,-0.3367862131962562,0.3367862131962562,0.19908204245553643,0.09866137481739266,0.35118369994525644,2,3,0.060240963855421686,0.5226938447064451
f__pymfe.model-based.leaves_branch.histogram.9,63,83,0.04402519942384828,0.06661747233108113,-0.33672410745444364,0.33672410745444364,0.17422069229298145,0.19637796566160445,0.38089916702461807,1,8,0.10843373493975904,0.7033979673967087
f__pymfe.model-based.tree_shape.median,63,83,0.02683012021912469,0.05287376512964088,-0.3352432510814853,0.3352432510814853,0.13367756741250716,0.4903983461125855,0.33899505847699074,1,8,0.10843373493975904,0.9035730446189363
f__pymfe.model-based.tree_shape.quantiles.2,63,83,0.02683012021912469,0.05287376512964088,-0.3352432510814853,0.3352432510814853,0.13367756741250716,0.4903983461125855,0.33899505847699074,1,8,0.10843373493975904,0.9035730446189363
f__pymfe.landmarking.elite_nn.sd.relative,71,100,5.345070422535211,4.765,0.33374617787186345,0.33374617787186345,0.21619718309859154,0.03392172867801912,0.33256931929302713,1,0,0.01,0.35084167237425995
f__pymfe.relative.elite_nn.sd.relative,71,100,5.345070422535211,4.765,0.33374617787186345,0.33374617787186345,0.21619718309859154,0.03392172867801912,0.33256931929302713,1,0,0.01,0.35084167237425995
f__pymfe.model-based.tree_depth.histogram.1,63,83,0.03605726950979305,0.04724457651156756,-0.3332956774543837,0.3332956774543837,0.20290686555746798,0.08807485039335665,0.37049429242908666,4,6,0.12048192771084337,0.5042285185019668
f__pymfe.model-based.tree_depth.histogram.5,63,83,0.1831766524098966,0.16341863040416116,0.3320228095285716,0.3320228095285716,0.23790399694014153,0.028075181443882758,0.37189575720815377,1,2,0.03614457831325301,0.3237734953564321
f__pymfe.model-based.leaves_corrob.histogram.1,63,83,0.04082995746983921,0.05885220377930954,-0.3315140316700028,0.3315140316700028,0.17919296232549245,0.17263433290704858,0.35908123054762625,0,2,0.024096385542168676,0.678266754044115
f__pymfe.landmarking.worst_node.max,63,83,0.4014086361245207,0.4747251667484692,-0.3313809990992566,0.3313809990992566,0.17479441575827118,0.19370570699243564,0.3334408173902564,1,3,0.04819277108433735,0.7033979673967087
f__pymfe.landmarking.worst_node.quantiles.4,63,83,0.4014086361245207,0.4747251667484692,-0.3313809990992566,0.3313809990992566,0.17479441575827118,0.19370570699243564,0.3334408173902564,1,3,0.04819277108433735,0.7033979673967087
f__pymfe.relative.worst_node.max,63,83,0.4014086361245207,0.4747251667484692,-0.3313809990992566,0.3313809990992566,0.17479441575827118,0.19370570699243564,0.3334408173902564,1,3,0.04819277108433735,0.7033979673967087
f__pymfe.relative.worst_node.quantiles.4,63,83,0.4014086361245207,0.4747251667484692,-0.3313809990992566,0.3313809990992566,0.17479441575827118,0.19370570699243564,0.3334408173902564,1,3,0.04819277108433735,0.7033979673967087
f__pymfe.statistical.max.histogram.4,63,83,0.02410811032301223,0.05217272065514851,-0.3303049901042985,0.3303049901042985,0.1451520367183018,0.389152883619425,0.3270424114941641,0,5,0.060240963855421686,0.8718243989820778
f__pymfe.model-based.tree_shape.mean,63,83,0.045210423428842794,0.07089216025964723,-0.3298292636599583,0.3298292636599583,0.17861923886020273,0.1752233916229575,0.3603865434554035,3,7,0.12048192771084337,0.686755737827875
f__pymfe.landmarking.naive_bayes.iq_range.relative,71,100,4.992957746478873,4.53,0.32979347946373994,0.32979347946373994,0.23605633802816903,0.015786210000171406,0.376686450424604,0,0,0.0,0.2103205337714047
f__pymfe.relative.naive_bayes.iq_range.relative,71,100,4.992957746478873,4.53,0.32979347946373994,0.32979347946373994,0.23605633802816903,0.015786210000171406,0.376686450424604,0,0,0.0,0.2103205337714047
f__pymfe.model-based.var_importance.sd,62,80,0.06440537793494984,0.09312965698194205,-0.32791021889596766,0.32791021889596766,0.23266129032258065,0.03708010403227811,0.3295993831316762,1,5,0.075,0.3517124660576439
f__pymfe.general.freq_class.histogram.0,71,100,0.35004256307073206,0.4118764498659235,-0.32787919931596904,0.32787919931596904,0.15943661971830986,0.2113168464381658,0.32458921709597366,0,4,0.04,0.7269118129621884
f__pymfe.model-based.tree_depth.histogram.9,63,83,0.03233487626298373,0.05386501658016299,-0.32771016824006505,0.32771016824006505,0.19889080130043985,0.09940044332491489,0.34565716511193767,1,9,0.12048192771084337,0.5226938447064451
f__pymfe.statistical.var.histogram.2,63,83,0.05907677503797677,0.03508926637744844,0.32642741963328553,0.32642741963328553,0.15471409447313061,0.3150916043718614,0.3233028359139726,0,0,0.0,0.8185424191810081
f__pymfe.model-based.var_importance.histogram.9,63,83,0.0845247196182311,0.12496792227522348,-0.32612180706567484,0.32612180706567484,0.2050105182635303,0.08260213678535809,0.3302841868865227,0,1,0.012048192771084338,0.5007184201030548
f__pymfe.info-theory.joint_ent.quantiles.1,23,51,2.2473727627232667,2.8159345112816565,-0.3257863245219552,0.3257863245219552,0.2318840579710145,0.30204532068583834,0.3278225544000134,1,6,0.13725490196078433,0.8137456286712587
f__pymfe.statistical.mean.histogram.9,63,83,0.10298055022288086,0.14952201335762608,-0.3251282055206037,0.3251282055206037,0.18531267928858292,0.14620867929443251,0.3416859080528839,0,3,0.03614457831325301,0.6300336368520842
f__pymfe.landmarking.best_node.quantiles.3,63,83,0.45762636179354044,0.536429315566974,-0.3242021329872447,0.3242021329872447,0.2044367947982406,0.08402913596660981,0.3423006125918751,2,2,0.04819277108433735,0.5007184201030548
f__pymfe.relative.best_node.quantiles.3,63,83,0.45762636179354044,0.536429315566974,-0.3242021329872447,0.3242021329872447,0.2044367947982406,0.08402913596660981,0.3423006125918751,2,2,0.04819277108433735,0.5007184201030548
f__pymfe.landmarking.naive_bayes.quantiles.1,63,83,0.6594119578690296,0.6030213232491206,0.3231748684838139,0.3231748684838139,0.2470835723847772,0.020128822332529425,0.3260457871229156,2,1,0.03614457831325301,0.25208204843003645
f__pymfe.relative.naive_bayes.quantiles.1,63,83,0.6594119578690296,0.6030213232491206,0.3231748684838139,0.3231748684838139,0.2470835723847772,0.020128822332529425,0.3260457871229156,2,1,0.03614457831325301,0.25208204843003645
f__pymfe.statistical.kurtosis.histogram.6,60,72,0.03880825802973415,0.016724757311684175,0.3225624118157124,0.3225624118157124,0.09722222222222222,0.8847113408936891,0.3196414513502,0,0,0.0,1.0
f__pymfe.statistical.can_cor.kurtosis,31,32,-1.464870932922266,-1.709016830625971,0.32151525880693604,0.32151525880693604,0.20967741935483872,0.4086484553065466,0.3209190694584097,0,0,0.0,0.8718243989820778
f__pymfe.model-based.leaves_corrob.mean,63,83,0.010156020271011135,0.024989010540512602,-0.3206027571076044,0.3206027571076044,0.18301778542742397,0.15579617411028765,0.33053445984407587,3,10,0.1566265060240964,0.6420083987115452
f__pymfe.statistical.cov.histogram.1,62,80,0.08901826362343879,0.06086483608155004,0.32048619363515585,0.32048619363515585,0.15483870967741936,0.32885356910706603,0.3181546863119292,0,0,0.0,0.821109456820291
f__pymfe.statistical.cor.range,59,70,0.7640549234743559,0.6638201008693108,0.31957035979207865,0.31957035979207865,0.22421307506053267,0.06569619746434507,0.3172988824180711,0,3,0.04285714285714286,0.4443502301069416
f__pymfe.landmarking.one_nn.median.relative,71,100,5.742957746478873,5.2625,0.31851207207360843,0.31851207207360843,0.14746478873239435,0.29012944682723263,0.3247949449289802,0,0,0.0,0.8037317757243894
f__pymfe.landmarking.one_nn.quantiles.2.relative,71,100,5.742957746478873,5.2625,0.31851207207360843,0.31851207207360843,0.14746478873239435,0.29012944682723263,0.3247949449289802,0,0,0.0,0.8037317757243894
f__pymfe.relative.one_nn.median.relative,71,100,5.742957746478873,5.2625,0.31851207207360843,0.31851207207360843,0.14746478873239435,0.29012944682723263,0.3247949449289802,0,0,0.0,0.8037317757243894
f__pymfe.relative.one_nn.quantiles.2.relative,71,100,5.742957746478873,5.2625,0.31851207207360843,0.31851207207360843,0.14746478873239435,0.29012944682723263,0.3247949449289802,0,0,0.0,0.8037317757243894
f__pymfe.landmarking.elite_nn.range.relative,71,100,5.355633802816901,4.815,0.3175730931269981,0.3175730931269981,0.16436619718309858,0.1846010235580761,0.317014208963058,0,0,0.0,0.6967497765765257
f__pymfe.relative.elite_nn.range.relative,71,100,5.355633802816901,4.815,0.3175730931269981,0.3175730931269981,0.16436619718309858,0.1846010235580761,0.317014208963058,0,0,0.0,0.6967497765765257
f__pymfe.info-theory.joint_ent.min,23,51,1.9210817278490604,2.4244155080346736,-0.31716591065114597,0.31716591065114597,0.21057118499573743,0.41349737424546207,0.3229609080006347,1,6,0.13725490196078433,0.8718243989820778
f__pymfe.info-theory.joint_ent.quantiles.0,23,51,1.9210817278490604,2.4244155080346736,-0.31716591065114597,0.31716591065114597,0.21057118499573743,0.41349737424546207,0.3229609080006347,1,6,0.13725490196078433,0.8718243989820778
f__pymfe.statistical.range.histogram.4,63,83,0.02517901393832739,0.047346709226564566,-0.3170648124618296,0.3170648124618296,0.12660164467393384,0.557873298458506,0.314259304717134,0,4,0.04819277108433735,0.9544093034837953
f__pymfe.info-theory.attr_ent.median,23,51,1.4075144441065555,1.9686368034310273,-0.3166286599087314,0.3166286599087314,0.17220801364023872,0.6589781999163794,0.32143964590818913,1,7,0.1568627450980392,0.9928026827687558
f__pymfe.info-theory.attr_ent.quantiles.2,23,51,1.4075144441065555,1.9686368034310273,-0.3166286599087314,0.3166286599087314,0.17220801364023872,0.6589781999163794,0.32143964590818913,1,7,0.1568627450980392,0.9928026827687558
f__pymfe.model-based.leaves_corrob.histogram.9,63,83,0.013080853370050178,0.028767612917795945,-0.31557471642072427,0.31557471642072427,0.1589213998852553,0.2864729562250587,0.33855651365251754,3,10,0.1566265060240964,0.8037317757243894
f__pymfe.model-based.var_importance.mean,63,83,0.09319217972293593,0.15107203050369014,-0.31547824876304537,0.31547824876304537,0.24497991967871485,0.02172264632018138,0.3144521911843607,3,0,0.03614457831325301,0.2598612093376922
f__pymfe.info-theory.attr_ent.mean,23,51,1.4401139411242203,1.9759546381906479,-0.3144263226795176,0.3144263226795176,0.17135549872122763,0.6659834885583632,0.31795252910133043,0,7,0.13725490196078433,0.9972876404946203
f__pymfe.landmarking.elite_nn.iq_range.relative,71,100,5.119718309859155,4.6025,0.31401492265080116,0.31401492265080116,0.21563380281690142,0.03478479208518694,0.3221274668260241,0,0,0.0,0.35084167237425995
f__pymfe.relative.elite_nn.iq_range.relative,71,100,5.119718309859155,4.6025,0.31401492265080116,0.31401492265080116,0.21563380281690142,0.03478479208518694,0.3221274668260241,0,0,0.0,0.35084167237425995
f__pymfe.statistical.cov.histogram.9,62,80,0.033083241691281934,0.05863974663701974,-0.31337312102006526,0.31337312102006526,0.1774193548387097,0.19128711519411612,0.31114903066816785,0,0,0.0,0.7033979673967087
f__pymfe.info-theory.class_conc.histogram.3,23,51,0.017727382939712454,0.032764905039218715,-0.31269925508462315,0.31269925508462315,0.1636828644501279,0.7157053835794118,0.3146817861428228,0,2,0.0392156862745098,1.0
f__pymfe.landmarking.one_nn.quantiles.1.relative,71,100,5.697183098591549,5.21,0.3102569389935406,0.3102569389935406,0.12845070422535212,0.4516086215558015,0.3101365320252987,0,0,0.0,0.8821666431826191
f__pymfe.relative.one_nn.quantiles.1.relative,71,100,5.697183098591549,5.21,0.3102569389935406,0.3102569389935406,0.12845070422535212,0.4516086215558015,0.3101365320252987,0,0,0.0,0.8821666431826191
f__pymfe.statistical.max.histogram.3,63,83,0.0281159598435809,0.054772637957377926,-0.31019007250905545,0.31019007250905545,0.17804551539491298,0.17765041517727675,0.312456894922881,0,0,0.0,0.6911980959445987
f__pymfe.general.nr_bin,71,100,51.394366197183096,6.58,0.3085606494852073,0.3085606494852073,0.13788732394366196,0.36591458260957227,0.3111068043845556,0,0,0.0,0.8605382610259384
f__pymfe.landmarking.best_node.sd.relative,71,100,2.3838028169014085,2.87,-0.3078484529618632,0.3078484529618632,0.19380281690140846,0.07496486417764839,0.305224987257755,0,1,0.01,0.47497500899909234
f__pymfe.relative.best_node.sd.relative,71,100,2.3838028169014085,2.87,-0.3078484529618632,0.3078484529618632,0.19380281690140846,0.07496486417764839,0.305224987257755,0,1,0.01,0.47497500899909234
f__pymfe.statistical.t_mean.histogram.9,63,83,0.10760515782901481,0.14855773519227355,-0.30577052253626974,0.30577052253626974,0.15356664754255114,0.3240281849708326,0.31873998825477823,0,1,0.012048192771084338,0.8195462392810181
f__pymfe.model-based.var_importance.max,63,83,0.27071866545447576,0.33820086202397726,-0.3053168497029287,0.3053168497029287,0.23025435073627845,0.03663223383121921,0.3105286447042464,0,0,0.0,0.35084167237425995
f__pymfe.model-based.var_importance.quantiles.4,63,83,0.27071866545447576,0.33820086202397726,-0.3053168497029287,0.3053168497029287,0.23025435073627845,0.03663223383121921,0.3105286447042464,0,0,0.0,0.35084167237425995
f__pymfe.statistical.sparsity.max,71,100,0.28690150052645874,0.38654830086661085,-0.304818890084377,0.304818890084377,0.18380281690140846,0.10361827497905923,0.30539177320610916,0,0,0.0,0.5273018882267682
f__pymfe.statistical.sparsity.quantiles.4,71,100,0.28690150052645874,0.38654830086661085,-0.304818890084377,0.304818890084377,0.18380281690140846,0.10361827497905923,0.30539177320610916,0,0,0.0,0.5273018882267682
f__pymfe.landmarking.naive_bayes.histogram.4.relative,71,100,4.545774647887324,4.2225,0.30466561449659546,0.30466561449659546,0.19971830985915492,0.06137106547696167,0.3522937171465593,0,3,0.03,0.43292197406461513
f__pymfe.relative.naive_bayes.histogram.4.relative,71,100,4.545774647887324,4.2225,0.30466561449659546,0.30466561449659546,0.19971830985915492,0.06137106547696167,0.3522937171465593,0,3,0.03,0.43292197406461513
f__pymfe.landmarking.best_node.iq_range.relative,71,100,2.471830985915493,2.9425,-0.30313413034164394,0.30313413034164394,0.2601408450704225,0.005645781298010742,0.3150049167086556,0,0,0.0,0.14597076485018096
f__pymfe.relative.best_node.iq_range.relative,71,100,2.471830985915493,2.9425,-0.30313413034164394,0.30313413034164394,0.2601408450704225,0.005645781298010742,0.3150049167086556,0,0,0.0,0.14597076485018096
f__pymfe.model-based.tree_shape.histogram.3,63,83,0.035370626198449856,0.021254497699871217,0.30295486320398146,0.30295486320398146,0.15356664754255114,0.3240281849708326,0.30059342478608053,0,0,0.0,0.8195462392810181
f__pymfe.info-theory.attr_ent.sd,21,48,0.6046253482668031,0.7946121532434004,-0.3018956118234444,0.3018956118234444,0.17559523809523808,0.6891047598649698,0.30279438778086865,0,3,0.0625,1.0
f__pymfe.model-based.leaves_corrob.histogram.3,63,83,0.0066336784680639015,0.01262319850092027,-0.30145199651868115,0.30145199651868115,0.1623637406769937,0.2636281571316601,0.37606764900566947,0,8,0.0963855421686747,0.7943532629361864
f__pymfe.model-based.tree_shape.quantiles.1,63,83,0.013306785997609413,0.031167176575610325,-0.3008287985382036,0.3008287985382036,0.12105565117613311,0.6143246983872184,0.3040334702627154,1,7,0.0963855421686747,0.9743956899086752
f__pymfe.statistical.mean.histogram.7,63,83,0.033727892347278736,0.01824684759661285,0.30078120399531916,0.30078120399531916,0.17995792694587875,0.16856345312496895,0.3148887170186851,0,1,0.012048192771084338,0.6704893681372834
f__pymfe.landmarking.elite_nn.histogram.8,63,83,0.05555555555555555,0.03795180722891566,0.3007042587285446,0.3007042587285446,0.09619430101357812,0.8531100627801823,0.2984096589437109,0,0,0.0,1.0
f__pymfe.relative.elite_nn.histogram.8,63,83,0.05555555555555555,0.03795180722891566,0.3007042587285446,0.3007042587285446,0.09619430101357812,0.8531100627801823,0.2984096589437109,0,0,0.0,1.0
f__pymfe.statistical.g_mean.kurtosis,37,42,16.356892061057636,3.828330123423444,0.3003408727887418,0.3003408727887418,0.379021879021879,0.004755428506361513,0.29886095062126694,0,0,0.0,0.13944150862178906
f__pymfe.statistical.var.histogram.9,63,83,0.10158269236655451,0.13899785955822694,-0.29764104072974074,0.29764104072974074,0.2017594186268885,0.09121131285745326,0.3465084693492049,0,0,0.0,0.5076796337170055
f__pymfe.model-based.leaves_per_class.histogram.6,63,83,0.027151948580520006,0.013550612707239212,0.2972751105669122,0.2972751105669122,0.11818703384968446,0.6419169663272426,0.29508027833410294,0,0,0.0,0.9799932352595904
f__pymfe.landmarking.elite_nn.quantiles.1,63,83,0.43046017886894417,0.49309070875938316,-0.2969926259038974,0.2969926259038974,0.15586154140371009,0.30705212862830356,0.3142275999437462,2,3,0.060240963855421686,0.8171448009666713
f__pymfe.relative.elite_nn.quantiles.1,63,83,0.43046017886894417,0.49309070875938316,-0.2969926259038974,0.2969926259038974,0.15586154140371009,0.30705212862830356,0.3142275999437462,2,3,0.060240963855421686,0.8171448009666713
f__pymfe.statistical.mad.histogram.0,63,83,0.5551002941527253,0.4642445364652704,0.29597407244563634,0.29597407244563634,0.2044367947982406,0.08402913596660981,0.2938164425420065,0,0,0.0,0.5007184201030548
f__pymfe.statistical.h_mean.histogram.9,47,50,0.09775935028984374,0.14277163765179143,-0.2955450328112611,0.2955450328112611,0.24851063829787234,0.0798899969060573,0.4328949134701072,0,0,0.0,0.4944543051753276
f__pymfe.statistical.h_mean.histogram.6,47,50,0.012201354770509988,0.026423505590640294,-0.2945889936470503,0.2945889936470503,0.11872340425531915,0.8230385911634231,0.2929118904203483,0,1,0.02,1.0
f__pymfe.model-based.leaves_per_class.histogram.1,63,83,0.03829155852965376,0.019824349011095994,0.2944813188089183,0.2944813188089183,0.153184165232358,0.326491918696497,0.2985337078145184,0,0,0.0,0.8199529372496906
f__pymfe.statistical.sd_ratio,24,23,1.8586307825841415,19.758301241856213,-0.29261968002154654,0.29261968002154654,0.39855072463768115,0.038214920752881625,0.29938468371754484,0,1,0.043478260869565216,0.3546206439878469
f__pymfe.statistical.cor.max,59,70,0.8036269892766069,0.7180333553388929,0.29236103767551486,0.29236103767551486,0.18401937046004843,0.19569266736881183,0.3013720042712687,0,0,0.0,0.7033979673967087
f__pymfe.statistical.cor.quantiles.4,59,70,0.8036269892766069,0.7180333553388929,0.29236103767551486,0.29236103767551486,0.18401937046004843,0.19569266736881183,0.3013720042712687,0,0,0.0,0.7033979673967087
f__pymfe.statistical.min.histogram.2,63,83,0.01663833995178751,0.03414362547745791,-0.2912512327944232,0.2912512327944232,0.11340600497227003,0.6916882915157156,0.2892256727275984,0,4,0.04819277108433735,1.0
f__pymfe.info-theory.attr_ent.range,23,51,1.5747104094426803,2.025012770240104,-0.29122709806386327,0.29122709806386327,0.20971867007672634,0.4205641442555504,0.2993888013120184,0,2,0.0392156862745098,0.8718243989820778
f__pymfe.landmarking.worst_node.quantiles.3,63,83,0.3830792024675639,0.443283981252932,-0.2911980248732533,0.2911980248732533,0.20214190093708165,0.09010935149199052,0.29706567927567895,2,3,0.060240963855421686,0.50505346308273
f__pymfe.relative.worst_node.quantiles.3,63,83,0.3830792024675639,0.443283981252932,-0.2911980248732533,0.2911980248732533,0.20214190093708165,0.09010935149199052,0.29706567927567895,2,3,0.060240963855421686,0.50505346308273
f__pymfe.landmarking.best_node.range.relative,71,100,2.415492957746479,2.8675,-0.2909812678288099,0.2909812678288099,0.16971830985915493,0.15870339655061003,0.29465739189840173,0,0,0.0,0.6456891996716444
f__pymfe.relative.best_node.range.relative,71,100,2.415492957746479,2.8675,-0.2909812678288099,0.2909812678288099,0.16971830985915493,0.15870339655061003,0.29465739189840173,0,0,0.0,0.6456891996716444
f__pymfe.statistical.min.histogram.4,63,83,0.015130941099210484,0.03450786726207258,-0.29094293411166455,0.29094293411166455,0.1013578122011857,0.8083789139638764,0.288925834083714,0,6,0.07228915662650602,1.0
f__pymfe.info-theory.attr_conc.histogram.0,21,47,0.6419363705077991,0.5735830953916061,0.29089276940726666,0.29089276940726666,0.2684903748733536,0.19921564391647267,0.3107534640416783,1,0,0.02127659574468085,0.7033979673967087
f__pymfe.statistical.iq_range.kurtosis,61,79,9.13090256810587,2.079254930141966,0.2882679231413322,0.2882679231413322,0.26644532060593484,0.01164163080860686,0.28667548593957204,0,0,0.0,0.19004714091720326
f__pymfe.landmarking.naive_bayes.mean.relative,71,100,5.299295774647887,4.93,0.28814943058123277,0.28814943058123277,0.17873239436619717,0.12121584797612074,0.29460825848662714,5,0,0.05,0.5583592077750619
f__pymfe.relative.naive_bayes.mean.relative,71,100,5.299295774647887,4.93,0.28814943058123277,0.28814943058123277,0.17873239436619717,0.12121584797612074,0.29460825848662714,5,0,0.05,0.5583592077750619
f__pymfe.landmarking.linear_discr.mean,63,83,0.7159921715630211,0.6606019377526917,0.2879968730906047,0.2879968730906047,0.14381334863262574,0.400175104815185,0.2934874124989638,6,0,0.07228915662650602,0.8718243989820778
f__pymfe.relative.linear_discr.mean,63,83,0.7159921715630211,0.6606019377526917,0.2879968730906047,0.2879968730906047,0.14381334863262574,0.400175104815185,0.2934874124989638,6,0,0.07228915662650602,0.8718243989820778
f__pymfe.model-based.leaves_corrob.histogram.6,63,83,0.0020799963446994627,0.006187851401810842,-0.2877155009816786,0.2877155009816786,0.15203671830177853,0.33491301961367953,0.32044206569357714,0,6,0.07228915662650602,0.8257740862553441
f__pymfe.statistical.skewness.histogram.1,60,72,0.15208644116308148,0.10467170137601615,0.2869381046104871,0.2869381046104871,0.24166666666666667,0.03652841679235732,0.3563864128205976,0,2,0.027777777777777776,0.35084167237425995
f__pymfe.landmarking.naive_bayes.quantiles.1.relative,71,100,5.292253521126761,4.92,0.2860369469267353,0.2860369469267353,0.21873239436619718,0.030998030910994196,0.3269753838621737,0,0,0.0,0.3426885762091289
f__pymfe.relative.naive_bayes.quantiles.1.relative,71,100,5.292253521126761,4.92,0.2860369469267353,0.2860369469267353,0.21873239436619718,0.030998030910994196,0.3269753838621737,0,0,0.0,0.3426885762091289
f__pymfe.model-based.var_importance.median,63,83,0.07464006880918789,0.12704574496728388,-0.285561439709597,0.285561439709597,0.18741633199464525,0.13804451692757913,0.2838997214881352,0,0,0.0,0.6096015444487861
f__pymfe.model-based.var_importance.quantiles.2,63,83,0.07464006880918789,0.12704574496728388,-0.285561439709597,0.285561439709597,0.18741633199464525,0.13804451692757913,0.2838997214881352,0,0,0.0,0.6096015444487861
f__pymfe.model-based.tree_shape.min,63,83,0.005811101505487428,0.020377912343359412,-0.28539101759372915,0.28539101759372915,0.1409447313061771,0.42585059538550646,0.28407310951790693,2,5,0.08433734939759036,0.8718243989820778
f__pymfe.model-based.tree_shape.quantiles.0,63,83,0.005811101505487428,0.020377912343359412,-0.28539101759372915,0.28539101759372915,0.1409447313061771,0.42585059538550646,0.28407310951790693,2,5,0.08433734939759036,0.8718243989820778
f__pymfe.landmarking.one_nn.quantiles.3,63,83,0.7563755826610485,0.7029765136834877,0.28371752162459135,0.28371752162459135,0.18435647351310003,0.1495218730058826,0.2833135049075465,3,0,0.03614457831325301,0.6346187826469685
f__pymfe.relative.one_nn.quantiles.3,63,83,0.7563755826610485,0.7029765136834877,0.28371752162459135,0.28371752162459135,0.18435647351310003,0.1495218730058826,0.2833135049075465,3,0,0.03614457831325301,0.6346187826469685
f__pymfe.model-based.tree_shape.histogram.4,63,83,0.0200666544029583,0.03344225465938832,-0.28366396879553796,0.28366396879553796,0.1227768215720023,0.5957634765999643,0.2831947684869488,0,5,0.060240963855421686,0.9743956899086752
f__pymfe.landmarking.best_node.mean,63,83,0.4481025283381413,0.5140573170382992,-0.28359306624242386,0.28359306624242386,0.20061197169630904,0.09427579679844353,0.3051256363674755,2,2,0.04819277108433735,0.5175482954380308
f__pymfe.relative.best_node.mean,63,83,0.4481025283381413,0.5140573170382992,-0.28359306624242386,0.28359306624242386,0.20061197169630904,0.09427579679844353,0.3051256363674755,2,2,0.04819277108433735,0.5175482954380308
f__pymfe.info-theory.class_conc.range,23,51,0.17695725551458832,0.24254854121428893,-0.28268961201504383,0.28268961201504383,0.14919011082693948,0.8081418020651735,0.28699555040864105,0,7,0.13725490196078433,1.0
f__pymfe.statistical.nr_norm,63,83,9.03968253968254,1.4337349397590362,0.2824466424942613,0.2824466424942613,0.08663224325874928,0.9208773215589745,0.2874858933684289,0,0,0.0,1.0
f__pymfe.statistical.g_mean.histogram.9,47,50,0.10371939004178554,0.1483422978083272,-0.2823545751975633,0.2823545751975633,0.2795744680851064,0.03503741317848545,0.4181143691078845,0,0,0.0,0.35084167237425995
f__pymfe.statistical.cor.histogram.3,59,70,0.07505476992376252,0.059405149088835325,0.28224989975039794,0.28224989975039794,0.16198547215496367,0.32413743961582375,0.2805557724552473,0,0,0.0,0.8195462392810181
f__pymfe.landmarking.one_nn.histogram.1.relative,71,100,3.933098591549296,4.22,-0.2819162667508674,0.2819162667508674,0.15211267605633802,0.25720527921845193,0.29556261341230283,1,3,0.04,0.7896999803095746
f__pymfe.relative.one_nn.histogram.1.relative,71,100,3.933098591549296,4.22,-0.2819162667508674,0.2819162667508674,0.15211267605633802,0.25720527921845193,0.29556261341230283,1,3,0.04,0.7896999803095746
f__pymfe.model-based.tree_shape.iq_range,63,83,0.04108850208447417,0.05731226164971036,-0.2807986367922731,0.2807986367922731,0.1589213998852553,0.2864729562250587,0.30950577536018625,3,5,0.0963855421686747,0.8037317757243894
f__pymfe.info-theory.attr_ent.quantiles.1,23,51,1.0970868789705335,1.5547563746112596,-0.2795339135133856,0.2795339135133856,0.17988064791133845,0.604940798971031,0.2887748578704097,3,6,0.17647058823529413,0.9743956899086752
f__pymfe.landmarking.best_node.median,63,83,0.4484130844096859,0.513551749687906,-0.2794438434129445,0.2794438434129445,0.17651558615414037,0.18516244842270738,0.3012396359373329,2,2,0.04819277108433735,0.6967497765765257
f__pymfe.landmarking.best_node.quantiles.2,63,83,0.4484130844096859,0.513551749687906,-0.2794438434129445,0.2794438434129445,0.17651558615414037,0.18516244842270738,0.3012396359373329,2,2,0.04819277108433735,0.6967497765765257
f__pymfe.relative.best_node.median,63,83,0.4484130844096859,0.513551749687906,-0.2794438434129445,0.2794438434129445,0.17651558615414037,0.18516244842270738,0.3012396359373329,2,2,0.04819277108433735,0.6967497765765257
f__pymfe.relative.best_node.quantiles.2,63,83,0.4484130844096859,0.513551749687906,-0.2794438434129445,0.2794438434129445,0.17651558615414037,0.18516244842270738,0.3012396359373329,2,2,0.04819277108433735,0.6967497765765257
f__pymfe.landmarking.linear_discr.median.relative,71,100,5.461267605633803,5.0575,0.2792018487877088,0.2792018487877088,0.13323943661971832,0.40712119360875965,0.27738306108615096,3,0,0.03,0.8718243989820778
f__pymfe.landmarking.linear_discr.quantiles.2.relative,71,100,5.461267605633803,5.0575,0.2792018487877088,0.2792018487877088,0.13323943661971832,0.40712119360875965,0.27738306108615096,3,0,0.03,0.8718243989820778
f__pymfe.relative.linear_discr.median.relative,71,100,5.461267605633803,5.0575,0.2792018487877088,0.2792018487877088,0.13323943661971832,0.40712119360875965,0.27738306108615096,3,0,0.03,0.8718243989820778
f__pymfe.relative.linear_discr.quantiles.2.relative,71,100,5.461267605633803,5.0575,0.2792018487877088,0.2792018487877088,0.13323943661971832,0.40712119360875965,0.27738306108615096,3,0,0.03,0.8718243989820778
f__pymfe.statistical.skewness.histogram.6,60,72,0.0503434278191001,0.031115424340579886,0.27884573858882966,0.27884573858882966,0.18888888888888888,0.16988397359283358,0.27721610960841964,0,0,0.0,0.6727037849258529
f__pymfe.info-theory.attr_ent.iq_range,23,51,0.5849492302742411,0.790315852368885,-0.2783177191205686,0.2783177191205686,0.1636828644501279,0.7157053835794118,0.2909359620536802,0,5,0.09803921568627451,1.0
f__pymfe.model-based.nodes_per_level.histogram.5,63,83,0.06442476406562303,0.09805899204544496,-0.27824859761859294,0.27824859761859294,0.1128322815069803,0.6976840371374713,0.29081204773209407,0,9,0.10843373493975904,1.0
f__pymfe.landmarking.worst_node.histogram.6.relative,71,100,3.5211267605633805,3.965,-0.27691532977269595,0.27691532977269595,0.17873239436619717,0.12121584797612074,0.2899961042812826,0,0,0.0,0.5583592077750619
f__pymfe.relative.worst_node.histogram.6.relative,71,100,3.5211267605633805,3.965,-0.27691532977269595,0.27691532977269595,0.17873239436619717,0.12121584797612074,0.2899961042812826,0,0,0.0,0.5583592077750619
f__pymfe.info-theory.attr_conc.histogram.8,21,47,0.014784752284752269,0.007674004482515113,0.27475373260053254,0.27475373260053254,0.23708206686930092,0.3218421580237836,0.3567101447685087,0,1,0.02127659574468085,0.8185424191810081
f__pymfe.statistical.kurtosis.sd,59,69,181.30296284284378,640.2691284386223,-0.27439787527411774,0.27439787527411774,0.13854089904200442,0.517975332277087,0.2861604406756341,1,5,0.08695652173913043,0.9327216991822386
f__pymfe.model-based.tree_shape.histogram.7,63,83,0.0027014412147012465,0.009379705161758628,-0.2742797327569988,0.2742797327569988,0.12105565117613311,0.6143246983872184,0.2726911430939983,0,2,0.024096385542168676,0.9743956899086752
f__pymfe.model-based.tree_shape.histogram.1,63,83,0.10833568556953656,0.08813323335203004,0.2738999859383872,0.2738999859383872,0.19066743163128705,0.12603197084904472,0.27360674103404525,8,0,0.0963855421686747,0.5682537303294807
f__pymfe.statistical.min.min,63,83,-131.06785079926394,-1175.134962311644,0.27380788609055845,0.27380788609055845,0.15949512335054503,0.2827641607246292,0.27329982097313793,4,5,0.10843373493975904,0.8037317757243894
f__pymfe.statistical.min.quantiles.0,63,83,-131.06785079926394,-1175.134962311644,0.27380788609055845,0.27380788609055845,0.15949512335054503,0.2827641607246292,0.27329982097313793,4,5,0.10843373493975904,0.8037317757243894
f__pymfe.landmarking.linear_discr.median,63,83,0.7151534845954018,0.6616805907164669,0.2734488158493948,0.2734488158493948,0.14955058328552304,0.3539140590680218,0.2822048934390016,6,0,0.07228915662650602,0.8454906657019955
f__pymfe.landmarking.linear_discr.quantiles.2,63,83,0.7151534845954018,0.6616805907164669,0.2734488158493948,0.2734488158493948,0.14955058328552304,0.3539140590680218,0.2822048934390016,6,0,0.07228915662650602,0.8454906657019955
f__pymfe.relative.linear_discr.median,63,83,0.7151534845954018,0.6616805907164669,0.2734488158493948,0.2734488158493948,0.14955058328552304,0.3539140590680218,0.2822048934390016,6,0,0.07228915662650602,0.8454906657019955
f__pymfe.relative.linear_discr.quantiles.2,63,83,0.7151534845954018,0.6616805907164669,0.2734488158493948,0.2734488158493948,0.14955058328552304,0.3539140590680218,0.2822048934390016,6,0,0.07228915662650602,0.8454906657019955
f__pymfe.info-theory.class_conc.histogram.5,23,51,0.012035424848230657,0.04564937242065505,-0.2734016472678711,0.2734016472678711,0.1875532821824382,0.5557483210830034,0.2730561242454951,0,4,0.0784313725490196,0.9544093034837953
f__pymfe.model-based.leaves_per_class.max,63,83,0.39320521546216725,0.43970648070265955,-0.2721706012784759,0.2721706012784759,0.15586154140371009,0.30705212862830356,0.287851258589575,1,1,0.024096385542168676,0.8171448009666713
f__pymfe.model-based.leaves_per_class.quantiles.4,63,83,0.39320521546216725,0.43970648070265955,-0.2721706012784759,0.2721706012784759,0.15586154140371009,0.30705212862830356,0.287851258589575,1,1,0.024096385542168676,0.8171448009666713
f__pymfe.statistical.var.histogram.4,63,83,0.03968806237495556,0.024618971074651788,0.27059861008047315,0.27059861008047315,0.1596863645056416,0.28089067882005003,0.2690972378154689,0,0,0.0,0.8037317757243894
f__pymfe.landmarking.linear_discr.quantiles.1.relative,71,100,5.461267605633803,5.0675,0.26995782689942754,0.26995782689942754,0.11563380281690142,0.5831189463703389,0.2683635134903115,3,0,0.03,0.9717925317081479
f__pymfe.relative.linear_discr.quantiles.1.relative,71,100,5.461267605633803,5.0675,0.26995782689942754,0.26995782689942754,0.11563380281690142,0.5831189463703389,0.2683635134903115,3,0,0.03,0.9717925317081479
f__pymfe.landmarking.elite_nn.histogram.9.relative,71,100,3.7288732394366195,3.425,0.26907981943664344,0.26907981943664344,0.13070422535211268,0.4303091280605044,0.29230374306337675,0,2,0.02,0.8753623506103916
f__pymfe.relative.elite_nn.histogram.9.relative,71,100,3.7288732394366195,3.425,0.26907981943664344,0.26907981943664344,0.13070422535211268,0.4303091280605044,0.29230374306337675,0,2,0.02,0.8753623506103916
f__pymfe.statistical.min.skewness,50,73,1.6841289000678068,0.9036989601359465,0.2686020904529759,0.2686020904529759,0.21753424657534245,0.10014324890232434,0.27484713995715854,6,0,0.0821917808219178,0.5226938447064451
f__pymfe.statistical.cor.iq_range,59,70,0.22924975514725573,0.18731593992808998,0.2678050463543413,0.2678050463543413,0.19491525423728814,0.14905301387614744,0.2696507878210277,0,1,0.014285714285714285,0.6346187826469685
f__pymfe.statistical.can_cor.histogram.6,63,83,0.044741118669690105,0.025751816790973416,0.26764333737433427,0.26764333737433427,0.13731114935934213,0.45729010926896296,0.26621008415259234,0,0,0.0,0.8874528391745129
f__pymfe.landmarking.worst_node.histogram.6,63,83,0.02698412698412699,0.04397590361445783,-0.2674785852165974,0.2674785852165974,0.11665710460891184,0.658720245239503,0.2846141256406396,0,7,0.08433734939759036,0.9928026827687558
f__pymfe.relative.worst_node.histogram.6,63,83,0.02698412698412699,0.04397590361445783,-0.2674785852165974,0.2674785852165974,0.11665710460891184,0.658720245239503,0.2846141256406396,0,7,0.08433734939759036,0.9928026827687558
f__pymfe.landmarking.linear_discr.mean.relative,71,100,5.46830985915493,5.075,0.26733396521605474,0.26733396521605474,0.1432394366197183,0.3222085255790494,0.26580037314111415,4,0,0.04,0.8185424191810081
f__pymfe.relative.linear_discr.mean.relative,71,100,5.46830985915493,5.075,0.26733396521605474,0.26733396521605474,0.1432394366197183,0.3222085255790494,0.26580037314111415,4,0,0.04,0.8185424191810081
f__pymfe.statistical.cor.histogram.9,59,70,0.06371484537029111,0.09121340217525746,-0.2663750343445981,0.2663750343445981,0.12784503631961258,0.6124414334264913,0.27077824804668493,0,1,0.014285714285714285,0.9743956899086752
f__pymfe.landmarking.linear_discr.histogram.1,63,83,0.03571428571428571,0.05240963855421686,-0.2661431011895163,0.2661431011895163,0.11952572193536048,0.6294655735189364,0.2647437865354216,0,3,0.03614457831325301,0.9749114148317439
f__pymfe.relative.linear_discr.histogram.1,63,83,0.03571428571428571,0.05240963855421686,-0.2661431011895163,0.2661431011895163,0.11952572193536048,0.6294655735189364,0.2647437865354216,0,3,0.03614457831325301,0.9749114148317439
f__pymfe.landmarking.random_node.max,63,83,0.41732656694691284,0.4799123123552691,-0.2658550148483669,0.2658550148483669,0.16274622298718686,0.2615911974699838,0.2883706030918477,2,4,0.07228915662650602,0.7896999803095746
f__pymfe.landmarking.random_node.quantiles.4,63,83,0.41732656694691284,0.4799123123552691,-0.2658550148483669,0.2658550148483669,0.16274622298718686,0.2615911974699838,0.2883706030918477,2,4,0.07228915662650602,0.7896999803095746
f__pymfe.relative.random_node.max,63,83,0.41732656694691284,0.4799123123552691,-0.2658550148483669,0.2658550148483669,0.16274622298718686,0.2615911974699838,0.2883706030918477,2,4,0.07228915662650602,0.7896999803095746
f__pymfe.relative.random_node.quantiles.4,63,83,0.41732656694691284,0.4799123123552691,-0.2658550148483669,0.2658550148483669,0.16274622298718686,0.2615911974699838,0.2883706030918477,2,4,0.07228915662650602,0.7896999803095746
f__pymfe.landmarking.one_nn.histogram.4,63,83,0.07857142857142854,0.09397590361445783,-0.26528150620652624,0.26528150620652624,0.13558997896347294,0.47233210529501407,0.26390148845127154,0,2,0.024096385542168676,0.9010719817258079
f__pymfe.relative.one_nn.histogram.4,63,83,0.07857142857142854,0.09397590361445783,-0.26528150620652624,0.26528150620652624,0.13558997896347294,0.47233210529501407,0.26390148845127154,0,2,0.024096385542168676,0.9010719817258079
f__pymfe.statistical.cov.histogram.2,62,80,0.047235981125839,0.03205079668422933,0.2647317431607928,0.2647317431607928,0.13669354838709677,0.4790667474537421,0.2633828238075608,0,0,0.0,0.9010719817258079
f__pymfe.landmarking.worst_node.min.relative,71,100,2.6971830985915495,3.2325,-0.26380440337391353,0.26380440337391353,0.1616901408450704,0.19867535314797016,0.2623504397807256,0,0,0.0,0.7033979673967087
f__pymfe.landmarking.worst_node.quantiles.0.relative,71,100,2.6971830985915495,3.2325,-0.26380440337391353,0.26380440337391353,0.1616901408450704,0.19867535314797016,0.2623504397807256,0,0,0.0,0.7033979673967087
f__pymfe.relative.worst_node.min.relative,71,100,2.6971830985915495,3.2325,-0.26380440337391353,0.26380440337391353,0.1616901408450704,0.19867535314797016,0.2623504397807256,0,0,0.0,0.7033979673967087
f__pymfe.relative.worst_node.quantiles.0.relative,71,100,2.6971830985915495,3.2325,-0.26380440337391353,0.26380440337391353,0.1616901408450704,0.19867535314797016,0.2623504397807256,0,0,0.0,0.7033979673967087
f__pymfe.statistical.g_mean.histogram.3,47,50,0.014740270204757582,0.0290544869889559,-0.2634855319686467,0.2634855319686467,0.09872340425531916,0.9414151647904564,0.2625546525829041,0,2,0.04,1.0
f__pymfe.info-theory.attr_conc.histogram.7,21,47,0.02122672301243727,0.01091538485155505,0.26328672697809685,0.26328672697809685,0.41134751773049644,0.009817736862935708,0.49868100276874244,0,1,0.02127659574468085,0.17986119551694824
f__pymfe.statistical.kurtosis.mean,60,72,75.85957530973587,275.97493282735803,-0.26314469490885567,0.26314469490885567,0.1638888888888889,0.3075693657897341,0.2865779372820945,1,4,0.06944444444444445,0.8171448009666713
f__pymfe.statistical.iq_range.histogram.0,63,83,0.5232712717504981,0.44217590080799896,0.2621667339560327,0.2621667339560327,0.1738382099827883,0.198362318350889,0.2608553021068284,0,0,0.0,0.7033979673967087
f__pymfe.landmarking.naive_bayes.quantiles.3.relative,71,100,5.246478873239437,4.92,0.2604522097737863,0.2604522097737863,0.15647887323943663,0.22979561560961617,0.2590717167072653,4,0,0.04,0.7579472671238986
f__pymfe.relative.naive_bayes.quantiles.3.relative,71,100,5.246478873239437,4.92,0.2604522097737863,0.2604522097737863,0.15647887323943663,0.22979561560961617,0.2590717167072653,4,0,0.04,0.7579472671238986
f__pymfe.landmarking.naive_bayes.skewness,62,82,0.01471529876045236,-0.09814766567437612,0.26000898057453,0.26000898057453,0.14516129032258066,0.3964436562051217,0.2622139561257879,2,0,0.024390243902439025,0.8718243989820778
f__pymfe.relative.naive_bayes.skewness,62,82,0.01471529876045236,-0.09814766567437612,0.26000898057453,0.26000898057453,0.14516129032258066,0.3964436562051217,0.2622139561257879,2,0,0.024390243902439025,0.8718243989820778
f__pymfe.model-based.leaves_corrob.median,63,83,0.0025887977570478614,0.01350533065737302,-0.2585264116350411,0.2585264116350411,0.28208070376745076,0.005045294759865106,0.26256142743078814,7,3,0.12048192771084337,0.13944150862178906
f__pymfe.model-based.leaves_corrob.quantiles.2,63,83,0.0025887977570478614,0.01350533065737302,-0.2585264116350411,0.2585264116350411,0.28208070376745076,0.005045294759865106,0.26256142743078814,7,3,0.12048192771084337,0.13944150862178906
f__pymfe.statistical.t_mean.skewness,62,79,1.7294608434349121,1.1665681471388711,0.2578294439969953,0.2578294439969953,0.1318905675786035,0.5254980527740002,0.276960880913071,1,0,0.012658227848101266,0.9411993056946618
f__pymfe.statistical.h_mean.median,47,50,19.792933926393903,372.13437469825095,-0.2567637279319242,0.2567637279319242,0.2782978723404255,0.03617950975381077,0.25596877237928745,0,2,0.04,0.35084167237425995
f__pymfe.statistical.h_mean.quantiles.2,47,50,19.792933926393903,372.13437469825095,-0.2567637279319242,0.2567637279319242,0.2782978723404255,0.03617950975381077,0.25596877237928745,0,2,0.04,0.35084167237425995
f__pymfe.landmarking.naive_bayes.mean,63,83,0.6797086961246489,0.6354462587386284,0.2543027551725946,0.2543027551725946,0.1721170395869191,0.20747010043364414,0.27308037331548823,2,1,0.03614457831325301,0.7229881978155034
f__pymfe.relative.naive_bayes.mean,63,83,0.6797086961246489,0.6354462587386284,0.2543027551725946,0.2543027551725946,0.1721170395869191,0.20747010043364414,0.27308037331548823,2,1,0.03614457831325301,0.7229881978155034
f__pymfe.landmarking.naive_bayes.median.relative,71,100,5.309859154929577,4.9975,0.2539803975699299,0.2539803975699299,0.20873239436619717,0.04473157001307016,0.26641115685832617,3,0,0.03,0.37346201422370556
f__pymfe.landmarking.naive_bayes.quantiles.2.relative,71,100,5.309859154929577,4.9975,0.2539803975699299,0.2539803975699299,0.20873239436619717,0.04473157001307016,0.26641115685832617,3,0,0.03,0.37346201422370556
f__pymfe.relative.naive_bayes.median.relative,71,100,5.309859154929577,4.9975,0.2539803975699299,0.2539803975699299,0.20873239436619717,0.04473157001307016,0.26641115685832617,3,0,0.03,0.37346201422370556
f__pymfe.relative.naive_bayes.quantiles.2.relative,71,100,5.309859154929577,4.9975,0.2539803975699299,0.2539803975699299,0.20873239436619717,0.04473157001307016,0.26641115685832617,3,0,0.03,0.37346201422370556
f__pymfe.statistical.kurtosis.histogram.2,60,72,0.061112072805322645,0.04118124762586401,0.2532934465993014,0.2532934465993014,0.2388888888888889,0.039984916382414554,0.28592789047223605,0,0,0.0,0.3583743932513665
f__pymfe.landmarking.worst_node.mean,63,83,0.37321032499159484,0.4228952700471415,-0.25322440546653247,0.25322440546653247,0.1539491298527443,0.3208066670927297,0.25882828119543927,1,3,0.04819277108433735,0.8185424191810081
f__pymfe.relative.worst_node.mean,63,83,0.37321032499159484,0.4228952700471415,-0.25322440546653247,0.25322440546653247,0.1539491298527443,0.3208066670927297,0.25882828119543927,1,3,0.04819277108433735,0.8185424191810081
f__pymfe.statistical.can_cor.sd,31,32,0.18539332477700293,0.21406663364173095,-0.25292968000487037,0.25292968000487037,0.3004032258064516,0.09298176990609787,0.32756840827636013,2,0,0.0625,0.5139647488257754
f__pymfe.statistical.min.histogram.5,63,83,0.25732736753919777,0.16329981999435533,0.25204183320307944,0.25204183320307944,0.1426659017020463,0.4093630248766356,0.2509408397265513,0,0,0.0,0.8718243989820778
f__pymfe.statistical.h_mean.quantiles.3,47,50,46.14318473972804,402.02258105710416,-0.2519840062974573,0.2519840062974573,0.28212765957446806,0.03277389355752495,0.25133569566912123,0,2,0.04,0.3502436758180833
f__pymfe.landmarking.linear_discr.histogram.5,63,83,0.10634920634920633,0.0825301204819277,0.2516946255409288,0.2516946255409288,0.08223369669152801,0.9456607994057898,0.2506005146944285,0,0,0.0,1.0
f__pymfe.relative.linear_discr.histogram.5,63,83,0.10634920634920633,0.0825301204819277,0.2516946255409288,0.2516946255409288,0.08223369669152801,0.9456607994057898,0.2506005146944285,0,0,0.0,1.0
f__pymfe.statistical.h_mean.min,47,50,0.14463039332609562,335.83281984663984,-0.2516348047355683,0.2516348047355683,0.23872340425531915,0.10140847517386425,0.25093779573418745,0,11,0.22,0.5226938447064451
f__pymfe.statistical.h_mean.quantiles.0,47,50,0.14463039332609562,335.83281984663984,-0.2516348047355683,0.2516348047355683,0.23872340425531915,0.10140847517386425,0.25093779573418745,0,11,0.22,0.5226938447064451
f__pymfe.info-theory.joint_ent.histogram.0,23,51,0.20773100762849706,0.2598787354380237,-0.2514618815142694,0.2514618815142694,0.16027280477408354,0.7358610214257308,0.2890773671350218,0,0,0.0,1.0
f__pymfe.statistical.mad.histogram.7,63,83,0.014106531032470497,0.025161172472371797,-0.2500565452895967,0.2500565452895967,0.1128322815069803,0.6976840371374713,0.25478964402828563,0,5,0.060240963855421686,1.0
f__pymfe.general.num_to_cat,23,51,1.5304573839565567,6.743402363032581,-0.24976944154765102,0.24976944154765102,0.11764705882352941,0.9549596859328694,0.26075593914707884,0,6,0.11764705882352941,1.0
f__pymfe.model-based.leaves_per_class.histogram.3,63,83,0.039295206557111315,0.023392096524626645,0.24930236881675677,0.24930236881675677,0.1614075349015108,0.26954884032701537,0.2554383345546499,0,0,0.0,0.803073820702527
f__pymfe.model-based.tree_shape.histogram.9,63,83,0.020263412048030057,0.030198958033982967,-0.24856219750918485,0.24856219750918485,0.1736469688276917,0.1990271923202228,0.28270363377091834,5,1,0.07228915662650602,0.7033979673967087
f__pymfe.statistical.h_mean.quantiles.1,47,50,11.626895484524667,348.97374624042226,-0.24840496470103365,0.24840496470103365,0.2834042553191489,0.03161322489609811,0.2477671200462432,0,2,0.04,0.34473469053364125
f__pymfe.general.inst_to_attr,71,100,403.3536461275519,2218.6759501533998,-0.24826243190671865,0.24826243190671865,0.1687323943661972,0.16328451519453777,0.2494679371400784,1,4,0.05,0.6593075008988515
f__pymfe.info-theory.mut_inf.histogram.2,23,51,0.04121304027673823,0.05725907998686555,-0.2480691073231299,0.2480691073231299,0.19011082693947143,0.5413817691242075,0.25440929502885185,0,4,0.0784313725490196,0.9500604458767637
f__pymfe.landmarking.one_nn.skewness.relative,71,100,3.3309859154929575,3.6725,-0.24787281495577604,0.24787281495577604,0.15746478873239436,0.22359102850484627,0.2647617582775248,0,0,0.0,0.7467008722776428
f__pymfe.relative.one_nn.skewness.relative,71,100,3.3309859154929575,3.6725,-0.24787281495577604,0.24787281495577604,0.15746478873239436,0.22359102850484627,0.2647617582775248,0,0,0.0,0.7467008722776428
f__pymfe.statistical.median.skewness,60,78,1.5948181714809622,1.1659765642972333,0.2475732772167128,0.2475732772167128,0.13846153846153847,0.48407698238018165,0.2691115069590141,2,0,0.02564102564102564,0.9033473838829235
f__pymfe.model-based.leaves_corrob.sd,63,83,0.026405561254242267,0.0366784449820338,-0.24720030035545817,0.24720030035545817,0.18359150889271372,0.15333658254247826,0.2869812262948065,1,5,0.07228915662650602,0.6420083987115452
f__pymfe.model-based.var_importance.quantiles.1,63,83,0.05870864946850874,0.10268458606501576,-0.24710665096502796,0.24710665096502796,0.17919296232549245,0.17263433290704858,0.24630036878670628,0,0,0.0,0.678266754044115
f__pymfe.model-based.tree_imbalance.histogram.6,63,83,0.01847084906211631,0.012812256784325161,0.24607557089884324,0.24607557089884324,0.09734174794415758,0.8435809478471878,0.2450898272440357,0,0,0.0,1.0
f__pymfe.statistical.median.quantiles.3,63,83,55.55970966844654,4737.583460933092,-0.2458529389719532,0.2458529389719532,0.12832281506980303,0.5429227149649994,0.24487137272647028,0,6,0.07228915662650602,0.9500604458767637
f__pymfe.landmarking.one_nn.histogram.3,63,83,0.07857142857142857,0.06626506024096386,0.2447330974282409,0.2447330974282409,0.13482501434308664,0.4794849659464218,0.24377241045596243,0,0,0.0,0.9010719817258079
f__pymfe.relative.one_nn.histogram.3,63,83,0.07857142857142857,0.06626506024096386,0.2447330974282409,0.2447330974282409,0.13482501434308664,0.4794849659464218,0.24377241045596243,0,0,0.0,0.9010719817258079
f__pymfe.landmarking.worst_node.quantiles.1.relative,71,100,2.471830985915493,2.9625,-0.2443666322287165,0.2443666322287165,0.12577464788732395,0.4773976247957247,0.24331024196835274,0,0,0.0,0.9010719817258079
f__pymfe.relative.worst_node.quantiles.1.relative,71,100,2.471830985915493,2.9625,-0.2443666322287165,0.2443666322287165,0.12577464788732395,0.4773976247957247,0.24331024196835274,0,0,0.0,0.9010719817258079
f__pymfe.landmarking.best_node.kurtosis.relative,71,100,3.859154929577465,3.465,0.24390554691393265,0.24390554691393265,0.1384507042253521,0.3608112468577824,0.24285776935635683,0,0,0.0,0.8530684789277657
f__pymfe.relative.best_node.kurtosis.relative,71,100,3.859154929577465,3.465,0.24390554691393265,0.24390554691393265,0.1384507042253521,0.3608112468577824,0.24285776935635683,0,0,0.0,0.8530684789277657
f__pymfe.info-theory.joint_ent.histogram.3,23,51,0.07567204391871259,0.054838880911188936,0.24390062132217447,0.24390062132217447,0.26001705029838024,0.1915798630732732,0.3613609026971465,0,2,0.0392156862745098,0.7033979673967087
f__pymfe.info-theory.attr_ent.histogram.0,23,51,0.206472549025678,0.2557576554191883,-0.24374997224592157,0.24374997224592157,0.24722932651321397,0.23714985571295621,0.29187862726669017,0,0,0.0,0.7750900652699011
f__pymfe.statistical.skewness.quantiles.1,60,72,0.8028577644590421,0.22923222926123962,0.2431468590758278,0.2431468590758278,0.14722222222222223,0.4342244101993346,0.2651585308609312,1,0,0.013888888888888888,0.8790429633980655
f__pymfe.statistical.sd.quantiles.1,63,83,5.432896238740139,1216.2716785850266,-0.24097104129540947,0.24097104129540947,0.1977433543698604,0.1024865160174888,0.24008512303737295,1,8,0.10843373493975904,0.5248750325112925
f__pymfe.statistical.mad.quantiles.3,63,83,19.544142593996277,4658.605127317198,-0.2403875227458017,0.2403875227458017,0.13386880856760375,0.48856813017070355,0.23950581001997492,0,9,0.10843373493975904,0.9035730446189363
f__pymfe.landmarking.elite_nn.histogram.1.relative,71,100,4.183098591549296,3.8575,0.23981608394843992,0.23981608394843992,0.14788732394366197,0.2871364952756148,0.2568719010302349,0,0,0.0,0.8037317757243894
f__pymfe.relative.elite_nn.histogram.1.relative,71,100,4.183098591549296,3.8575,0.23981608394843992,0.23981608394843992,0.14788732394366197,0.2871364952756148,0.2568719010302349,0,0,0.0,0.8037317757243894
f__pymfe.statistical.eigenvalues.histogram.3,62,80,0.010998433730491024,0.020698061670243965,-0.2376341529043269,0.2376341529043269,0.08024193548387097,0.9594588999394369,0.24448603912667738,0,6,0.075,1.0
f__pymfe.landmarking.linear_discr.min.relative,71,100,5.359154929577465,4.9825,0.23730696412034624,0.23730696412034624,0.13154929577464788,0.4224479397747025,0.23964887468963858,0,0,0.0,0.8718243989820778
f__pymfe.landmarking.linear_discr.quantiles.0.relative,71,100,5.359154929577465,4.9825,0.23730696412034624,0.23730696412034624,0.13154929577464788,0.4224479397747025,0.23964887468963858,0,0,0.0,0.8718243989820778
f__pymfe.relative.linear_discr.min.relative,71,100,5.359154929577465,4.9825,0.23730696412034624,0.23730696412034624,0.13154929577464788,0.4224479397747025,0.23964887468963858,0,0,0.0,0.8718243989820778
f__pymfe.relative.linear_discr.quantiles.0.relative,71,100,5.359154929577465,4.9825,0.23730696412034624,0.23730696412034624,0.13154929577464788,0.4224479397747025,0.23964887468963858,0,0,0.0,0.8718243989820778
f__pymfe.landmarking.elite_nn.histogram.0.relative,71,100,3.897887323943662,3.6125,0.2369678847332336,0.2369678847332336,0.146056338028169,0.30069921928246657,0.28153604406516225,0,3,0.03,0.8128513465595175
f__pymfe.relative.elite_nn.histogram.0.relative,71,100,3.897887323943662,3.6125,0.2369678847332336,0.2369678847332336,0.146056338028169,0.30069921928246657,0.28153604406516225,0,3,0.03,0.8128513465595175
f__pymfe.general.nr_inst,71,100,8819.44366197183,19269.515,-0.23606296531513224,0.23606296531513224,0.3659154929577465,1.781983450535237e-05,0.2551203046324168,35,7,0.42,0.014282597356039924
f__pymfe.general.total_num_instances,71,100,11024.304577464789,24086.89375,-0.23606296531513218,0.23606296531513218,0.3659154929577465,1.781983450535237e-05,0.25512030463241686,35,7,0.42,0.014282597356039924
f__pymfe.general.freq_class.max,71,100,0.47699383928319317,0.5395649942967967,-0.23569226756188064,0.23569226756188064,0.21943661971830986,0.029925772348146498,0.26304995486094035,1,3,0.04,0.3354616298886632
f__pymfe.general.freq_class.quantiles.4,71,100,0.47699383928319317,0.5395649942967967,-0.23569226756188064,0.23569226756188064,0.21943661971830986,0.029925772348146498,0.26304995486094035,1,3,0.04,0.3354616298886632
f__pymfe.statistical.median.histogram.8,63,83,0.027735926694955327,0.013536811811525714,0.2355239274339428,0.2355239274339428,0.16848345764008416,0.22673213154265115,0.23603949944138586,0,0,0.0,0.7509330720307227
f__pymfe.model-based.leaves_per_class.quantiles.3,63,83,0.35740686865525856,0.39890636852254385,-0.23541447843708926,0.23541447843708926,0.153184165232358,0.326491918696497,0.251206201731651,1,1,0.024096385542168676,0.8199529372496906
f__pymfe.statistical.max.histogram.5,63,83,0.18324285355644132,0.10901304693150411,0.2345909868143845,0.2345909868143845,0.12239433926180913,0.5993409385311703,0.2340368579297403,0,0,0.0,0.9743956899086752
f__pymfe.landmarking.worst_node.median,63,83,0.3736016088437396,0.41998381685010067,-0.2339710346987935,0.2339710346987935,0.14190093708165996,0.4163820715997996,0.24275124160298778,1,3,0.04819277108433735,0.8718243989820778
f__pymfe.landmarking.worst_node.quantiles.2,63,83,0.3736016088437396,0.41998381685010067,-0.2339710346987935,0.2339710346987935,0.14190093708165996,0.4163820715997996,0.24275124160298778,1,3,0.04819277108433735,0.8718243989820778
f__pymfe.relative.worst_node.median,63,83,0.3736016088437396,0.41998381685010067,-0.2339710346987935,0.2339710346987935,0.14190093708165996,0.4163820715997996,0.24275124160298778,1,3,0.04819277108433735,0.8718243989820778
f__pymfe.relative.worst_node.quantiles.2,63,83,0.3736016088437396,0.41998381685010067,-0.2339710346987935,0.2339710346987935,0.14190093708165996,0.4163820715997996,0.24275124160298778,1,3,0.04819277108433735,0.8718243989820778
f__pymfe.landmarking.best_node.quantiles.1,63,83,0.4383717402958909,0.4904981374610956,-0.2329508209626268,0.2329508209626268,0.14878561866513673,0.36014161351257856,0.26126301800346285,2,1,0.03614457831325301,0.8530684789277657
f__pymfe.relative.best_node.quantiles.1,63,83,0.4383717402958909,0.4904981374610956,-0.2329508209626268,0.2329508209626268,0.14878561866513673,0.36014161351257856,0.26126301800346285,2,1,0.03614457831325301,0.8530684789277657
f__pymfe.info-theory.mut_inf.histogram.7,23,51,0.02315048994064791,0.012206404024403384,0.23258907330117912,0.23258907330117912,0.09121909633418585,0.9966534378622101,0.2850282373299513,0,0,0.0,1.0
f__pymfe.landmarking.worst_node.mean.relative,71,100,2.415492957746479,2.8775,-0.23246012960018414,0.23246012960018414,0.1123943661971831,0.6187121480937688,0.23161446107730635,0,0,0.0,0.9743956899086752
f__pymfe.relative.worst_node.mean.relative,71,100,2.415492957746479,2.8775,-0.23246012960018414,0.23246012960018414,0.1123943661971831,0.6187121480937688,0.23161446107730635,0,0,0.0,0.9743956899086752
f__pymfe.landmarking.worst_node.quantiles.3.relative,71,100,2.426056338028169,2.885,-0.23221874402134318,0.23221874402134318,0.1176056338028169,0.5617798703763737,0.23137709997431374,0,0,0.0,0.9567517988985378
f__pymfe.relative.worst_node.quantiles.3.relative,71,100,2.426056338028169,2.885,-0.23221874402134318,0.23221874402134318,0.1176056338028169,0.5617798703763737,0.23137709997431374,0,0,0.0,0.9567517988985378
f__pymfe.landmarking.linear_discr.histogram.9,63,83,0.1357142857142857,0.163855421686747,-0.23199958200427412,0.23199958200427412,0.10805125262956589,0.745422158566987,0.2375473636817392,0,1,0.012048192771084338,1.0
f__pymfe.relative.linear_discr.histogram.9,63,83,0.1357142857142857,0.163855421686747,-0.23199958200427412,0.23199958200427412,0.10805125262956589,0.745422158566987,0.2375473636817392,0,1,0.012048192771084338,1.0
f__pymfe.model-based.nodes_per_level.histogram.8,63,83,0.05361020847126764,0.04596864669047948,0.23197719080348517,0.23197719080348517,0.18913750239051444,0.13145752147261786,0.23997379898705573,0,1,0.012048192771084338,0.586981634876341
f__pymfe.statistical.sd.histogram.9,63,83,0.11779717783995225,0.14899808227889538,-0.23141888021063955,0.23141888021063955,0.19181487856186652,0.12191348369309586,0.30534736130994317,0,0,0.0,0.5599636514614116
f__pymfe.statistical.skewness.histogram.9,60,72,0.13342458820009523,0.16997354083433136,-0.23083391860439512,0.23083391860439512,0.17777777777777778,0.22359016719218108,0.3305356760340378,0,0,0.0,0.7467008722776428
f__pymfe.statistical.h_mean.kurtosis,37,42,16.20060691975622,5.890631777314901,0.23029077209248025,0.23029077209248025,0.3996138996138996,0.002428621781239383,0.23112291789377243,0,0,0.0,0.1091068506966187
f__pymfe.landmarking.linear_discr.quantiles.3.relative,71,100,5.394366197183099,5.0625,0.23011283948915934,0.23011283948915934,0.11338028169014085,0.6076973118024099,0.2293058963980524,2,0,0.02,0.9743956899086752
f__pymfe.relative.linear_discr.quantiles.3.relative,71,100,5.394366197183099,5.0625,0.23011283948915934,0.23011283948915934,0.11338028169014085,0.6076973118024099,0.2293058963980524,2,0,0.02,0.9743956899086752
f__pymfe.landmarking.elite_nn.min,63,83,0.3886047539620873,0.43646201003407253,-0.2296849285171802,0.2296849285171802,0.15509657678332378,0.3129915580332295,0.24690914095899597,3,2,0.060240963855421686,0.8171448009666713
f__pymfe.landmarking.elite_nn.quantiles.0,63,83,0.3886047539620873,0.43646201003407253,-0.2296849285171802,0.2296849285171802,0.15509657678332378,0.3129915580332295,0.24690914095899597,3,2,0.060240963855421686,0.8171448009666713
f__pymfe.relative.elite_nn.min,63,83,0.3886047539620873,0.43646201003407253,-0.2296849285171802,0.2296849285171802,0.15509657678332378,0.3129915580332295,0.24690914095899597,3,2,0.060240963855421686,0.8171448009666713
f__pymfe.relative.elite_nn.quantiles.0,63,83,0.3886047539620873,0.43646201003407253,-0.2296849285171802,0.2296849285171802,0.15509657678332378,0.3129915580332295,0.24690914095899597,3,2,0.060240963855421686,0.8171448009666713
f__pymfe.landmarking.naive_bayes.median,63,83,0.6793376829980132,0.6392024349131803,0.22948511605498886,0.22948511605498886,0.15777395295467583,0.2938158581250731,0.2584435772066356,2,2,0.04819277108433735,0.8037317757243894
f__pymfe.landmarking.naive_bayes.quantiles.2,63,83,0.6793376829980132,0.6392024349131803,0.22948511605498886,0.22948511605498886,0.15777395295467583,0.2938158581250731,0.2584435772066356,2,2,0.04819277108433735,0.8037317757243894
f__pymfe.relative.naive_bayes.median,63,83,0.6793376829980132,0.6392024349131803,0.22948511605498886,0.22948511605498886,0.15777395295467583,0.2938158581250731,0.2584435772066356,2,2,0.04819277108433735,0.8037317757243894
f__pymfe.relative.naive_bayes.quantiles.2,63,83,0.6793376829980132,0.6392024349131803,0.22948511605498886,0.22948511605498886,0.15777395295467583,0.2938158581250731,0.2584435772066356,2,2,0.04819277108433735,0.8037317757243894
f__pymfe.info-theory.joint_ent.histogram.6,23,51,0.045279865295384254,0.03072602889813661,0.22910277619751454,0.22910277619751454,0.24722932651321397,0.23714985571295621,0.36999098204118336,0,3,0.058823529411764705,0.7750900652699011
f__pymfe.statistical.eigenvalues.histogram.1,62,80,0.03920764688279931,0.0614057440545006,-0.22898148829750728,0.22898148829750728,0.09959677419354838,0.8343489095660586,0.23992839468433982,0,1,0.0125,1.0
f__pymfe.model-based.leaves_per_class.median,63,83,0.32685853260758024,0.3682598389945019,-0.22885409258393669,0.22885409258393669,0.14935934213042648,0.35545642110919123,0.23588070153292293,1,0,0.012048192771084338,0.8466517727162459
f__pymfe.model-based.leaves_per_class.quantiles.2,63,83,0.32685853260758024,0.3682598389945019,-0.22885409258393669,0.22885409258393669,0.14935934213042648,0.35545642110919123,0.23588070153292293,1,0,0.012048192771084338,0.8466517727162459
f__pymfe.model-based.tree_imbalance.min,63,83,0.0022850834658296433,0.012291724791080134,-0.2282404759933327,0.2282404759933327,0.14190093708165996,0.4163820715997996,0.2276508572321009,0,5,0.060240963855421686,0.8718243989820778
f__pymfe.model-based.tree_imbalance.quantiles.0,63,83,0.0022850834658296433,0.012291724791080134,-0.2282404759933327,0.2282404759933327,0.14190093708165996,0.4163820715997996,0.2276508572321009,0,5,0.060240963855421686,0.8718243989820778
f__pymfe.info-theory.attr_conc.histogram.5,21,47,0.024645262145262133,0.01706771361026678,0.22801883421850536,0.22801883421850536,0.14488348530901723,0.8685693894566117,0.391351455128504,0,0,0.0,1.0
f__pymfe.landmarking.random_node.histogram.2,63,83,0.0365079365079365,0.024698795180722894,0.22753075886257532,0.22753075886257532,0.10499139414802065,0.7749768919061544,0.2731547296502479,0,1,0.012048192771084338,1.0
f__pymfe.relative.random_node.histogram.2,63,83,0.0365079365079365,0.024698795180722894,0.22753075886257532,0.22753075886257532,0.10499139414802065,0.7749768919061544,0.2731547296502479,0,1,0.012048192771084338,1.0
f__pymfe.model-based.leaves_per_class.mean,63,83,0.32746931199312146,0.3680133989170134,-0.22733680679432372,0.22733680679432372,0.1367374258940524,0.46274082535997035,0.23358334064998554,1,0,0.012048192771084338,0.8915547392452313
f__pymfe.landmarking.naive_bayes.histogram.4,63,83,0.09126984126984125,0.0783132530120482,0.22711295540470272,0.22711295540470272,0.21151271753681392,0.06763111274785395,0.4122935021332579,0,1,0.012048192771084338,0.4498451192315763
f__pymfe.relative.naive_bayes.histogram.4,63,83,0.09126984126984125,0.0783132530120482,0.22711295540470272,0.22711295540470272,0.21151271753681392,0.06763111274785395,0.4122935021332579,0,1,0.012048192771084338,0.4498451192315763
f__pymfe.statistical.sparsity.histogram.9,71,100,0.12525622423314264,0.1677850614843378,-0.22688599220265054,0.22688599220265054,0.23605633802816903,0.015786210000171406,0.3018033145780359,0,0,0.0,0.2103205337714047
f__pymfe.model-based.leaves_corrob.histogram.2,63,83,0.015745856030342197,0.022683687326512658,-0.22629812388376888,0.22629812388376888,0.14476955440810862,0.3933734934506509,0.29802665312210846,0,1,0.012048192771084338,0.8718243989820778
f__pymfe.statistical.t_mean.kurtosis,62,79,9.425551887770954,3.1718327483720623,0.22619406408636972,0.22619406408636972,0.21600653327888933,0.06462138031316858,0.22556873156364746,0,0,0.0,0.43969265524366724
f__pymfe.statistical.p_trace,63,83,2.1359750563884767,1.4373256078226562,0.22603888112658202,0.22603888112658202,0.20577548288391662,0.08028019236369181,0.32614462767071184,1,1,0.024096385542168676,0.494958262919223
f__pymfe.landmarking.worst_node.median.relative,71,100,2.4295774647887325,2.88,-0.22542681210410892,0.22542681210410892,0.1123943661971831,0.6187121480937688,0.22469447332570097,0,0,0.0,0.9743956899086752
f__pymfe.landmarking.worst_node.quantiles.2.relative,71,100,2.4295774647887325,2.88,-0.22542681210410892,0.22542681210410892,0.1123943661971831,0.6187121480937688,0.22469447332570097,0,0,0.0,0.9743956899086752
f__pymfe.relative.worst_node.median.relative,71,100,2.4295774647887325,2.88,-0.22542681210410892,0.22542681210410892,0.1123943661971831,0.6187121480937688,0.22469447332570097,0,0,0.0,0.9743956899086752
f__pymfe.relative.worst_node.quantiles.2.relative,71,100,2.4295774647887325,2.88,-0.22542681210410892,0.22542681210410892,0.1123943661971831,0.6187121480937688,0.22469447332570097,0,0,0.0,0.9743956899086752
f__pymfe.model-based.nodes_repeated.histogram.8,63,83,0.01901530346042096,0.03206976120404325,-0.22521610207457735,0.22521610207457735,0.107095046854083,0.7522849710821448,0.2685184840072702,0,4,0.04819277108433735,1.0
f__pymfe.statistical.mean.median,63,83,26.460286724566473,1959.1004769954016,-0.22427212462726454,0.22427212462726454,0.14362210747752915,0.40244543099673985,0.2238132634908454,2,5,0.08433734939759036,0.8718243989820778
f__pymfe.statistical.mean.quantiles.2,63,83,26.460286724566473,1959.1004769954016,-0.22427212462726454,0.22427212462726454,0.14362210747752915,0.40244543099673985,0.2238132634908454,2,5,0.08433734939759036,0.8718243989820778
f__pymfe.model-based.leaves_corrob.quantiles.1,63,83,0.0009568711104326355,0.008970945096031233,-0.22407549283317077,0.22407549283317077,0.35762096003059857,0.0001326582399825433,0.22600902584263788,7,10,0.20481927710843373,0.03317288818366467
f__pymfe.info-theory.attr_ent.min,23,51,0.7779780912641191,1.0879085390012946,-0.2227978201723709,0.2227978201723709,0.1287297527706735,0.9171505441118311,0.24692238730911215,0,5,0.09803921568627451,1.0
f__pymfe.info-theory.attr_ent.quantiles.0,23,51,0.7779780912641191,1.0879085390012946,-0.2227978201723709,0.2227978201723709,0.1287297527706735,0.9171505441118311,0.24692238730911215,0,5,0.09803921568627451,1.0
f__pymfe.model-based.leaves_corrob.min,63,83,0.0007827943353937221,0.007457336392712992,-0.2227341975499847,0.2227341975499847,0.35762096003059857,0.0001326582399825433,0.22506165231000727,7,28,0.42168674698795183,0.03317288818366467
f__pymfe.model-based.leaves_corrob.quantiles.0,63,83,0.0007827943353937221,0.007457336392712992,-0.2227341975499847,0.2227341975499847,0.35762096003059857,0.0001326582399825433,0.22506165231000727,7,28,0.42168674698795183,0.03317288818366467
f__pymfe.landmarking.random_node.quantiles.3,63,83,0.40374266739530196,0.45246010960552074,-0.22188723157375528,0.22188723157375528,0.1589213998852553,0.2864729562250587,0.25044129526225495,2,3,0.060240963855421686,0.8037317757243894
f__pymfe.relative.random_node.quantiles.3,63,83,0.40374266739530196,0.45246010960552074,-0.22188723157375528,0.22188723157375528,0.1589213998852553,0.2864729562250587,0.25044129526225495,2,3,0.060240963855421686,0.8037317757243894
f__pymfe.landmarking.random_node.kurtosis.relative,71,100,4.859154929577465,5.17,-0.2209223162441397,0.2209223162441397,0.08887323943661972,0.8603762658938816,0.2202583468514104,0,0,0.0,1.0
f__pymfe.relative.random_node.kurtosis.relative,71,100,4.859154929577465,5.17,-0.2209223162441397,0.2209223162441397,0.08887323943661972,0.8603762658938816,0.2202583468514104,0,0,0.0,1.0
f__pymfe.model-based.nodes_repeated.max,63,83,191.21428571428572,619.0481927710844,-0.22034109314037756,0.22034109314037756,0.1359724612736661,0.4699304707067739,0.2212806524328486,3,3,0.07228915662650602,0.8999982611026984
f__pymfe.model-based.nodes_repeated.quantiles.4,63,83,191.21428571428572,619.0481927710844,-0.22034109314037756,0.22034109314037756,0.1359724612736661,0.4699304707067739,0.2212806524328486,3,3,0.07228915662650602,0.8999982611026984
f__pymfe.landmarking.one_nn.max,63,83,0.7864939300543508,0.7467791297207151,0.21997492046856887,0.21997492046856887,0.1591126410403519,0.2847259740095499,0.22406498740922,3,0,0.03614457831325301,0.8037317757243894
f__pymfe.landmarking.one_nn.quantiles.4,63,83,0.7864939300543508,0.7467791297207151,0.21997492046856887,0.21997492046856887,0.1591126410403519,0.2847259740095499,0.22406498740922,3,0,0.03614457831325301,0.8037317757243894
f__pymfe.relative.one_nn.max,63,83,0.7864939300543508,0.7467791297207151,0.21997492046856887,0.21997492046856887,0.1591126410403519,0.2847259740095499,0.22406498740922,3,0,0.03614457831325301,0.8037317757243894
f__pymfe.relative.one_nn.quantiles.4,63,83,0.7864939300543508,0.7467791297207151,0.21997492046856887,0.21997492046856887,0.1591126410403519,0.2847259740095499,0.22406498740922,3,0,0.03614457831325301,0.8037317757243894
f__pymfe.statistical.g_mean.histogram.7,47,50,0.009093179051632832,0.018576732997966274,-0.21821739357307848,0.21821739357307848,0.1,0.9352156742287273,0.246878905576637,0,5,0.1,1.0
f__pymfe.statistical.skewness.sd,59,69,3.603548946348998,5.691209694132434,-0.21813664032519092,0.21813664032519092,0.12896094325718496,0.6058567415357999,0.2880183899494048,1,4,0.07246376811594203,0.9743956899086752
f__pymfe.landmarking.best_node.histogram.3,63,83,0.04365079365079365,0.05662650602409638,-0.21775486949135825,0.21775486949135825,0.13214763817173455,0.5058218531644805,0.23644239899756045,0,0,0.0,0.9201914833328384
f__pymfe.relative.best_node.histogram.3,63,83,0.04365079365079365,0.05662650602409638,-0.21775486949135825,0.21775486949135825,0.13214763817173455,0.5058218531644805,0.23644239899756045,0,0,0.0,0.9201914833328384
f__pymfe.landmarking.random_node.kurtosis,47,65,-0.60176973805433,-0.26745793999689355,-0.21738506315453743,0.21738506315453743,0.11980360065466449,0.772923962043393,0.2271307683810002,2,2,0.06153846153846154,1.0
f__pymfe.relative.random_node.kurtosis,47,65,-0.60176973805433,-0.26745793999689355,-0.21738506315453743,0.21738506315453743,0.11980360065466449,0.772923962043393,0.2271307683810002,2,2,0.06153846153846154,1.0
f__pymfe.landmarking.linear_discr.histogram.0,63,83,0.12301587301587298,0.1385542168674699,-0.21664522466485245,0.21664522466485245,0.056033658443296996,0.9992961338007322,0.21613827751458312,0,3,0.03614457831325301,1.0
f__pymfe.relative.linear_discr.histogram.0,63,83,0.12301587301587298,0.1385542168674699,-0.21664522466485245,0.21664522466485245,0.056033658443296996,0.9992961338007322,0.21613827751458312,0,3,0.03614457831325301,1.0
f__pymfe.statistical.iq_range.histogram.8,63,83,0.014106035436574972,0.022828147855512824,-0.21658539325240297,0.21658539325240297,0.11723082807420157,0.6530611784214363,0.24801079057761338,0,0,0.0,0.9904040387980723
f__pymfe.landmarking.elite_nn.histogram.8.relative,71,100,3.9507042253521125,3.69,0.21555189642386777,0.21555189642386777,0.1080281690140845,0.6649785846603924,0.22599803333034388,0,0,0.0,0.9971568486535164
f__pymfe.relative.elite_nn.histogram.8.relative,71,100,3.9507042253521125,3.69,0.21555189642386777,0.21555189642386777,0.1080281690140845,0.6649785846603924,0.22599803333034388,0,0,0.0,0.9971568486535164
f__pymfe.statistical.var.quantiles.1,63,83,164.74376248980903,45287312.962741874,-0.21532754141619864,0.21532754141619864,0.1977433543698604,0.1024865160174888,0.21483871025260287,1,8,0.10843373493975904,0.5248750325112925
f__pymfe.statistical.g_mean.quantiles.3,47,50,49.42049806359069,1374.6454589838302,-0.21520038816851428,0.21520038816851428,0.2621276595744681,0.056924163972118885,0.21506380716638385,0,3,0.06,0.4284011025695144
f__pymfe.model-based.nodes_repeated.quantiles.1,63,83,42.654761904761905,375.82680722891564,-0.21493387029293443,0.21493387029293443,0.1506980302161025,0.34525426371228296,0.21518001188845967,0,3,0.03614457831325301,0.8396001952996885
f__pymfe.statistical.g_mean.median,47,50,21.218108108822953,1342.129132341467,-0.21476549867458014,0.21476549867458014,0.2795744680851064,0.03503741317848545,0.2146342514701134,0,3,0.06,0.35084167237425995
f__pymfe.statistical.g_mean.quantiles.2,47,50,21.218108108822953,1342.129132341467,-0.21476549867458014,0.21476549867458014,0.2795744680851064,0.03503741317848545,0.2146342514701134,0,3,0.06,0.35084167237425995
f__pymfe.statistical.min.histogram.3,63,83,0.015780066419488946,0.035070573694505246,-0.21455408119632613,0.21455408119632613,0.06846433352457448,0.9898761392667658,0.21407575667425283,0,4,0.04819277108433735,1.0
f__pymfe.statistical.mean.histogram.2,63,83,0.05152448416002515,0.07196488663730746,-0.21421216392686923,0.21421216392686923,0.1095811818703385,0.729599956989905,0.23752022218398794,0,6,0.07228915662650602,1.0
f__pymfe.landmarking.random_node.quantiles.3.relative,71,100,2.492957746478873,2.865,-0.21407703658380492,0.21407703658380492,0.1132394366197183,0.6094844865913546,0.245155533127595,0,1,0.01,0.9743956899086752
f__pymfe.relative.random_node.quantiles.3.relative,71,100,2.492957746478873,2.865,-0.21407703658380492,0.21407703658380492,0.1132394366197183,0.6094844865913546,0.245155533127595,0,1,0.01,0.9743956899086752
f__pymfe.model-based.nodes_repeated.mean,63,83,86.66253274181048,438.1343626703105,-0.21403443698357352,0.21403443698357352,0.14304838401223943,0.40694327043703304,0.21459378961128758,9,4,0.1566265060240964,0.8718243989820778
f__pymfe.model-based.nodes_per_attr,63,83,86.29968977197372,437.3593697492279,-0.21376818032711598,0.21376818032711598,0.14304838401223943,0.40694327043703304,0.21432724053500088,1,4,0.060240963855421686,0.8718243989820778
f__pymfe.model-based.nodes_repeated.min,63,83,30.150793650793652,334.06626506024094,-0.2136246926431481,0.2136246926431481,0.12124689233122968,0.6128485460181992,0.21535353518906694,0,3,0.03614457831325301,0.9743956899086752
f__pymfe.model-based.nodes_repeated.quantiles.0,63,83,30.150793650793652,334.06626506024094,-0.2136246926431481,0.2136246926431481,0.12124689233122968,0.6128485460181992,0.21535353518906694,0,3,0.03614457831325301,0.9743956899086752
f__pymfe.statistical.min.iq_range,63,83,15.060623842110319,90.80382467180785,-0.21319842917899143,0.21319842917899143,0.219162363740677,0.05298407360510759,0.21273829503162195,0,2,0.024096385542168676,0.4246673499449373
f__pymfe.statistical.iq_range.histogram.4,63,83,0.0383079548815374,0.05686346995687752,-0.21258339866392967,0.21258339866392967,0.13750239051443872,0.45533421495260956,0.2166977546036431,0,2,0.024096385542168676,0.8847281776594341
f__pymfe.statistical.g_mean.quantiles.1,47,50,11.779474699583995,1312.2457408181074,-0.2119187862080114,0.2119187862080114,0.2923404255319149,0.023666141352603524,0.21182170651239754,0,2,0.04,0.2810135154683219
f__pymfe.statistical.g_mean.min,47,50,0.18876646748905773,1295.3874266644034,-0.21149235620484422,0.21149235620484422,0.23872340425531915,0.10140847517386425,0.211400283765743,0,11,0.22,0.5226938447064451
f__pymfe.statistical.g_mean.quantiles.0,47,50,0.18876646748905773,1295.3874266644034,-0.21149235620484422,0.21149235620484422,0.23872340425531915,0.10140847517386425,0.211400283765743,0,11,0.22,0.5226938447064451
f__pymfe.info-theory.attr_conc.median,21,47,0.06641523957695855,0.043681844736511925,0.2100854706831574,0.2100854706831574,0.3525835866261398,0.04024166611680972,0.4272495106891917,0,0,0.0,0.3583743932513665
f__pymfe.info-theory.attr_conc.quantiles.2,21,47,0.06641523957695855,0.043681844736511925,0.21008547068315736,0.21008547068315736,0.3525835866261398,0.04024166611680972,0.4272495106891917,0,0,0.0,0.3583743932513665
f__pymfe.model-based.nodes_repeated.quantiles.3,63,83,111.2420634920635,480.54969879518075,-0.21008509682441032,0.21008509682441032,0.14687320711417096,0.37529440802825564,0.211070509469438,0,4,0.04819277108433735,0.8718243989820778
f__pymfe.landmarking.elite_nn.min.relative,71,100,2.6619718309859155,2.96,-0.20977722098203733,0.20977722098203733,0.11169014084507042,0.6253250778630696,0.2092687189289867,0,4,0.04,0.9743956899086752
f__pymfe.landmarking.elite_nn.quantiles.0.relative,71,100,2.6619718309859155,2.96,-0.20977722098203733,0.20977722098203733,0.11169014084507042,0.6253250778630696,0.2092687189289867,0,4,0.04,0.9743956899086752
f__pymfe.relative.elite_nn.min.relative,71,100,2.6619718309859155,2.96,-0.20977722098203733,0.20977722098203733,0.11169014084507042,0.6253250778630696,0.2092687189289867,0,4,0.04,0.9743956899086752
f__pymfe.relative.elite_nn.quantiles.0.relative,71,100,2.6619718309859155,2.96,-0.20977722098203733,0.20977722098203733,0.11169014084507042,0.6253250778630696,0.2092687189289867,0,4,0.04,0.9743956899086752
f__pymfe.statistical.skewness.histogram.0,60,72,0.2277675955803418,0.2751783187308743,-0.20966204596974258,0.20966204596974258,0.21666666666666667,0.07933029163334274,0.2616855169749719,0,1,0.013888888888888888,0.49289324607848223
f__pymfe.statistical.can_cor.histogram.7,63,83,0.03349773242630385,0.02037495218971122,0.2090522555522093,0.2090522555522093,0.11761331038439472,0.6488026432793152,0.26185725939301097,0,2,0.024096385542168676,0.9895629278560822
f__pymfe.info-theory.class_ent,71,100,1.7489922895210583,1.5115913713791977,0.20904152544858182,0.20904152544858182,0.13535211267605635,0.3874872198330981,0.2752451551875317,3,1,0.04,0.8718243989820778
f__pymfe.statistical.sparsity.quantiles.3,71,100,0.135987239584029,0.17532650765873534,-0.20899750405009948,0.20899750405009948,0.1523943661971831,0.2559527225734301,0.2153689154692123,0,1,0.01,0.7896999803095746
f__pymfe.statistical.mad.iq_range,63,83,16.289747929975267,3913.9895133499313,-0.20828792686931444,0.20828792686931444,0.13807611397972844,0.4498486115058734,0.2078933864622141,0,7,0.08433734939759036,0.8821666431826191
f__pymfe.landmarking.linear_discr.histogram.1.relative,71,100,3.788732394366197,4.005,-0.20785691632223716,0.20785691632223716,0.126056338028169,0.47534278031791816,0.2073732813904801,0,1,0.01,0.9010719817258079
f__pymfe.relative.linear_discr.histogram.1.relative,71,100,3.788732394366197,4.005,-0.20785691632223716,0.20785691632223716,0.126056338028169,0.47534278031791816,0.2073732813904801,0,1,0.01,0.9010719817258079
f__pymfe.landmarking.one_nn.min.relative,71,100,5.475352112676056,5.1325,0.20782332298832146,0.20782332298832146,0.1352112676056338,0.3893210820452833,0.21253586518012157,2,0,0.02,0.8718243989820778
f__pymfe.landmarking.one_nn.quantiles.0.relative,71,100,5.475352112676056,5.1325,0.20782332298832146,0.20782332298832146,0.1352112676056338,0.3893210820452833,0.21253586518012157,2,0,0.02,0.8718243989820778
f__pymfe.relative.one_nn.min.relative,71,100,5.475352112676056,5.1325,0.20782332298832146,0.20782332298832146,0.1352112676056338,0.3893210820452833,0.21253586518012157,2,0,0.02,0.8718243989820778
f__pymfe.relative.one_nn.quantiles.0.relative,71,100,5.475352112676056,5.1325,0.20782332298832146,0.20782332298832146,0.1352112676056338,0.3893210820452833,0.21253586518012157,2,0,0.02,0.8718243989820778
f__pymfe.statistical.max.min,63,83,21.364421259071424,3347.987982440344,-0.2076726568495691,0.2076726568495691,0.1688659399502773,0.22528451551366707,0.2072872911977616,1,6,0.08433734939759036,0.747683392067098
f__pymfe.statistical.max.quantiles.0,63,83,21.364421259071424,3347.987982440344,-0.2076726568495691,0.2076726568495691,0.1688659399502773,0.22528451551366707,0.2072872911977616,1,6,0.08433734939759036,0.747683392067098
f__pymfe.model-based.tree_imbalance.histogram.1,63,83,0.06256666049436785,0.054413547731587165,0.20760456064449065,0.20760456064449065,0.17766303308471984,0.1795981366032438,0.2187751099847045,0,0,0.0,0.6962792374106865
f__pymfe.info-theory.class_conc.histogram.7,23,51,0.0260113971493812,0.015886231684542642,0.20717146734480357,0.20717146734480357,0.11253196930946291,0.9697608869825858,0.2765542556604773,0,1,0.0196078431372549,1.0
f__pymfe.statistical.range.min,63,83,13.97295440293518,3325.1173876224875,-0.20673241961592592,0.20673241961592592,0.17804551539491298,0.17765041517727675,0.20636624866157027,0,7,0.08433734939759036,0.6911980959445987
f__pymfe.statistical.range.quantiles.0,63,83,13.97295440293518,3325.1173876224875,-0.20673241961592592,0.20673241961592592,0.17804551539491298,0.17765041517727675,0.20636624866157027,0,7,0.08433734939759036,0.6911980959445987
f__pymfe.landmarking.worst_node.histogram.7,63,83,0.030158730158730166,0.02108433734939759,0.20641515317050257,0.20641515317050257,0.09734174794415758,0.8435809478471878,0.23339823220973904,0,1,0.012048192771084338,1.0
f__pymfe.relative.worst_node.histogram.7,63,83,0.030158730158730166,0.02108433734939759,0.20641515317050257,0.20641515317050257,0.09734174794415758,0.8435809478471878,0.23339823220973904,0,1,0.012048192771084338,1.0
f__pymfe.landmarking.linear_discr.quantiles.3,63,83,0.7336308460624641,0.6938706986916261,0.20630451623387386,0.20630451623387386,0.11971696309045707,0.6269790101119663,0.21979505383168274,5,0,0.060240963855421686,0.9743956899086752
f__pymfe.relative.linear_discr.quantiles.3,63,83,0.7336308460624641,0.6938706986916261,0.20630451623387386,0.20630451623387386,0.11971696309045707,0.6269790101119663,0.21979505383168274,5,0,0.060240963855421686,0.9743956899086752
f__pymfe.landmarking.worst_node.quantiles.1,63,83,0.3631234833194567,0.40201498987294143,-0.2061118953761373,0.2061118953761373,0.11856951615987761,0.6377459302811197,0.212836491218932,1,3,0.04819277108433735,0.9764152113091069
f__pymfe.relative.worst_node.quantiles.1,63,83,0.3631234833194567,0.40201498987294143,-0.2061118953761373,0.2061118953761373,0.11856951615987761,0.6377459302811197,0.212836491218932,1,3,0.04819277108433735,0.9764152113091069
f__pymfe.model-based.var_importance.histogram.4,63,83,0.022715175225555516,0.03277110931203717,-0.20600107839573006,0.20600107839573006,0.13807611397972844,0.4498486115058734,0.222658881205633,0,1,0.012048192771084338,0.8821666431826191
f__pymfe.statistical.g_mean.iq_range,47,50,37.641172815965206,62.44723180149535,-0.2052573753611173,0.2052573753611173,0.23191489361702128,0.11989780322509473,0.21030153407125962,0,1,0.02,0.5583592077750619
f__pymfe.statistical.h_mean.sd,46,47,1385.30742044353,1.951549639942104e+16,-0.2051600760364167,0.2051600760364167,0.2895467160037003,0.032180084904517174,0.20518405874455123,0,3,0.06382978723404255,0.3485451087968988
f__pymfe.statistical.g_mean.sd,46,47,1707.1166443299503,7.100761785630826e+16,-0.20516007603640307,0.20516007603640307,0.2913968547641073,0.028522066998448167,0.20518405874453802,0,3,0.06382978723404255,0.3252587202895804
f__pymfe.landmarking.random_node.median.relative,71,100,2.609154929577465,2.9675,-0.20499431645311336,0.20499431645311336,0.11873239436619719,0.5511891545011792,0.24016201752483368,0,0,0.0,0.9500604458767637
f__pymfe.landmarking.random_node.quantiles.2.relative,71,100,2.609154929577465,2.9675,-0.20499431645311336,0.20499431645311336,0.11873239436619719,0.5511891545011792,0.24016201752483368,0,0,0.0,0.9500604458767637
f__pymfe.relative.random_node.median.relative,71,100,2.609154929577465,2.9675,-0.20499431645311336,0.20499431645311336,0.11873239436619719,0.5511891545011792,0.24016201752483368,0,0,0.0,0.9500604458767637
f__pymfe.relative.random_node.quantiles.2.relative,71,100,2.609154929577465,2.9675,-0.20499431645311336,0.20499431645311336,0.11873239436619719,0.5511891545011792,0.24016201752483368,0,0,0.0,0.9500604458767637
f__pymfe.model-based.leaves_branch.histogram.0,63,83,0.0417325498111159,0.050146236027832476,-0.20476442055759228,0.20476442055759228,0.1506980302161025,0.34525426371228296,0.27578400945944637,2,0,0.024096385542168676,0.8396001952996885
f__pymfe.landmarking.worst_node.max.relative,71,100,2.4683098591549295,2.8675,-0.20412994974728577,0.20412994974728577,0.12464788732394366,0.48999224909661254,0.20570532204180095,0,0,0.0,0.9035730446189363
f__pymfe.landmarking.worst_node.quantiles.4.relative,71,100,2.4683098591549295,2.8675,-0.20412994974728577,0.20412994974728577,0.12464788732394366,0.48999224909661254,0.20570532204180095,0,0,0.0,0.9035730446189363
f__pymfe.relative.worst_node.max.relative,71,100,2.4683098591549295,2.8675,-0.20412994974728577,0.20412994974728577,0.12464788732394366,0.48999224909661254,0.20570532204180095,0,0,0.0,0.9035730446189363
f__pymfe.relative.worst_node.quantiles.4.relative,71,100,2.4683098591549295,2.8675,-0.20412994974728577,0.20412994974728577,0.12464788732394366,0.48999224909661254,0.20570532204180095,0,0,0.0,0.9035730446189363
f__pymfe.landmarking.elite_nn.skewness,62,82,-0.023814245605166744,0.0915630334331579,-0.20387402002045366,0.20387402002045366,0.1125098347757671,0.7066721100228314,0.2103899722898779,0,2,0.024390243902439025,1.0
f__pymfe.relative.elite_nn.skewness,62,82,-0.023814245605166744,0.0915630334331579,-0.20387402002045366,0.20387402002045366,0.1125098347757671,0.7066721100228314,0.2103899722898779,0,2,0.024390243902439025,1.0
f__pymfe.general.freq_class.histogram.4,71,100,0.03844348140122788,0.015249601275917062,0.2036811254676199,0.2036811254676199,0.046338028169014084,0.9999210976980943,0.25676367269350736,0,0,0.0,1.0
f__pymfe.statistical.eigenvalues.histogram.4,62,80,0.007821540594399096,0.016291225193217934,-0.20358112118205937,0.20358112118205937,0.07137096774193548,0.9861274380738159,0.20364329506259338,0,0,0.0,1.0
f__pymfe.model-based.tree_imbalance.quantiles.1,63,83,0.009652639738998934,0.019781168463243605,-0.2035697887029186,0.2035697887029186,0.17269076305220885,0.20447643595309406,0.20778837607958475,2,5,0.08433734939759036,0.7188064184930039
f__pymfe.statistical.median.iq_range,63,83,41.44084257162405,3677.6973224130015,-0.20312181504903112,0.20312181504903112,0.11952572193536048,0.6294655735189364,0.20278908001647544,0,4,0.04819277108433735,0.9749114148317439
f__pymfe.model-based.nodes_repeated.median,63,83,74.2420634920635,415.40060240963857,-0.20203182755712404,0.20203182755712404,0.16274622298718686,0.2615911974699838,0.2077670742312776,0,3,0.03614457831325301,0.7896999803095746
f__pymfe.model-based.nodes_repeated.quantiles.2,63,83,74.2420634920635,415.40060240963857,-0.20203182755712404,0.20203182755712404,0.16274622298718686,0.2615911974699838,0.2077670742312776,0,3,0.03614457831325301,0.7896999803095746
f__pymfe.landmarking.random_node.quantiles.1.relative,71,100,2.778169014084507,3.1225,-0.2016525423916468,0.2016525423916468,0.1291549295774648,0.445471894250932,0.22495292016777121,0,1,0.01,0.8815943783756098
f__pymfe.relative.random_node.quantiles.1.relative,71,100,2.778169014084507,3.1225,-0.2016525423916468,0.2016525423916468,0.1291549295774648,0.445471894250932,0.22495292016777121,0,1,0.01,0.8815943783756098
f__pymfe.model-based.var_importance.min,63,83,0.04366163429463949,0.07885903802686214,-0.20145067409527115,0.20145067409527115,0.15834767641996558,0.2900600879863706,0.2011364112610981,0,0,0.0,0.8037317757243894
f__pymfe.model-based.var_importance.quantiles.0,63,83,0.04366163429463949,0.07885903802686214,-0.20145067409527115,0.20145067409527115,0.15834767641996558,0.2900600879863706,0.2011364112610981,0,0,0.0,0.8037317757243894
f__pymfe.info-theory.joint_ent.kurtosis,21,48,3.1586062950259826,0.8183841289965113,0.20134519660504846,0.20134519660504846,0.25,0.26856254668106294,0.20208155503319353,0,0,0.0,0.8016867082490575
f__pymfe.statistical.g_mean.histogram.6,47,50,0.017470057984058884,0.02853164999074063,-0.20125979844505978,0.20125979844505978,0.09872340425531916,0.9414151647904564,0.20137294551019533,0,1,0.02,1.0
f__pymfe.landmarking.naive_bayes.histogram.1,63,83,0.048412698412698414,0.03855421686746988,0.20098324308674886,0.20098324308674886,0.10977242302543508,0.727503816207285,0.20067435695876532,0,0,0.0,1.0
f__pymfe.relative.naive_bayes.histogram.1,63,83,0.048412698412698414,0.03855421686746988,0.20098324308674886,0.20098324308674886,0.10977242302543508,0.727503816207285,0.20067435695876532,0,0,0.0,1.0
f__pymfe.statistical.range.histogram.8,63,83,0.027204142598439507,0.015422766405077205,0.20020880298450525,0.20020880298450525,0.1728820042073054,0.20279111093369803,0.21189729420197778,0,0,0.0,0.7144486831356438
f__pymfe.statistical.iq_range.histogram.9,63,83,0.12267463420312218,0.15357565841318974,-0.19997475985680077,0.19997475985680077,0.17154331612162937,0.21056211108456457,0.2419972322180035,0,1,0.012048192771084338,0.7258732560614128
f__pymfe.model-based.leaves_per_class.quantiles.1,63,83,0.2966221579063924,0.33427666142768975,-0.19905113022364612,0.19905113022364612,0.1638936699177663,0.25460022814988553,0.20366281742935008,1,3,0.04819277108433735,0.7896999803095746
f__pymfe.statistical.median.histogram.7,63,83,0.035309787963944635,0.02388999318961632,0.19892120761242835,0.19892120761242835,0.10231401797666857,0.7982672061529872,0.20014191445139265,0,1,0.012048192771084338,1.0
f__pymfe.statistical.sparsity.histogram.6,71,100,0.019298890192343113,0.0343131730060149,-0.19884745028088782,0.19884745028088782,0.07549295774647888,0.9521095775284574,0.1984731954301615,0,3,0.03,1.0
f__pymfe.info-theory.mut_inf.histogram.3,23,51,0.04275797904878185,0.05782570885421826,-0.19876182568593206,0.19876182568593206,0.09803921568627451,0.9916179338104737,0.20661430338570821,0,5,0.09803921568627451,1.0
f__pymfe.landmarking.one_nn.histogram.5.relative,71,100,3.658450704225352,3.8675,-0.19875388000215002,0.19875388000215002,0.11887323943661972,0.5492561925590057,0.22444385318219487,0,1,0.01,0.9500604458767637
f__pymfe.relative.one_nn.histogram.5.relative,71,100,3.658450704225352,3.8675,-0.19875388000215002,0.19875388000215002,0.11887323943661972,0.5492561925590057,0.22444385318219487,0,1,0.01,0.9500604458767637
f__pymfe.model-based.leaves,63,83,1214.8650793650793,2391.921686746988,-0.19742894980142991,0.19742894980142991,0.18301778542742397,0.15579617411028765,0.20721533812043458,10,3,0.1566265060240964,0.6420083987115452
f__pymfe.model-based.leaves_branch.count,63,83,1214.8650793650793,2391.921686746988,-0.19742894980142991,0.19742894980142991,0.18301778542742397,0.15579617411028765,0.20721533812043458,10,3,0.1566265060240964,0.6420083987115452
f__pymfe.model-based.leaves_corrob.count,63,83,1214.8650793650793,2391.921686746988,-0.19742894980142991,0.19742894980142991,0.18301778542742397,0.15579617411028765,0.20721533812043458,10,3,0.1566265060240964,0.6420083987115452
f__pymfe.model-based.leaves_homo.count,63,83,1214.8650793650793,2391.921686746988,-0.19742894980142991,0.19742894980142991,0.18301778542742397,0.15579617411028765,0.20721533812043458,10,3,0.1566265060240964,0.6420083987115452
f__pymfe.model-based.nodes,63,83,1213.8650793650793,2390.921686746988,-0.19742894980142991,0.19742894980142991,0.18301778542742397,0.15579617411028765,0.20721533812043458,10,3,0.1566265060240964,0.6420083987115452
f__pymfe.model-based.tree_depth.count,63,83,2428.7301587301586,4782.843373493976,-0.19742894980142991,0.19742894980142991,0.18301778542742397,0.15579617411028765,0.20721533812043458,10,3,0.1566265060240964,0.6420083987115452
f__pymfe.model-based.tree_shape.count,63,83,1214.8650793650793,2391.921686746988,-0.19742894980142991,0.19742894980142991,0.18301778542742397,0.15579617411028765,0.20721533812043458,10,3,0.1566265060240964,0.6420083987115452
f__pymfe.statistical.cor.quantiles.3,59,70,0.3649680151379205,0.3136446486020739,0.1971917946419148,0.1971917946419148,0.17433414043583534,0.24671538888405672,0.21649701328408466,0,2,0.02857142857142857,0.7893907552517824
f__pymfe.landmarking.random_node.median,63,83,0.3963475130477985,0.4380906767611622,-0.19710185911347097,0.19710185911347097,0.1285140562248996,0.5404214342357151,0.2302353210514556,2,3,0.060240963855421686,0.9500604458767637
f__pymfe.landmarking.random_node.quantiles.2,63,83,0.3963475130477985,0.4380906767611622,-0.19710185911347097,0.19710185911347097,0.1285140562248996,0.5404214342357151,0.2302353210514556,2,3,0.060240963855421686,0.9500604458767637
f__pymfe.relative.random_node.median,63,83,0.3963475130477985,0.4380906767611622,-0.19710185911347097,0.19710185911347097,0.1285140562248996,0.5404214342357151,0.2302353210514556,2,3,0.060240963855421686,0.9500604458767637
f__pymfe.relative.random_node.quantiles.2,63,83,0.3963475130477985,0.4380906767611622,-0.19710185911347097,0.19710185911347097,0.1285140562248996,0.5404214342357151,0.2302353210514556,2,3,0.060240963855421686,0.9500604458767637
f__pymfe.landmarking.random_node.mean.relative,71,100,2.528169014084507,2.88,-0.19693846874411514,0.19693846874411514,0.13323943661971832,0.40712119360875965,0.21358449652737016,0,2,0.02,0.8718243989820778
f__pymfe.relative.random_node.mean.relative,71,100,2.528169014084507,2.88,-0.19693846874411514,0.19693846874411514,0.13323943661971832,0.40712119360875965,0.21358449652737016,0,2,0.02,0.8718243989820778
f__pymfe.statistical.h_mean.max,47,50,3677.9978720853255,4.101969796995313e+16,-0.19691498217283493,0.19691498217283493,0.3008510638297872,0.01873990325435292,0.19697715603603863,0,3,0.06,0.23841321362482326
f__pymfe.statistical.h_mean.quantiles.4,47,50,3677.9978720853255,4.101969796995313e+16,-0.19691498217283493,0.19691498217283493,0.3008510638297872,0.01873990325435292,0.19697715603603863,0,3,0.06,0.23841321362482326
f__pymfe.statistical.h_mean.range,47,50,3677.849389617653,4.101969796995279e+16,-0.19691498217283326,0.19691498217283326,0.26085106382978723,0.05878605430314064,0.19697715603603702,0,3,0.06,0.43029244314125314
f__pymfe.statistical.g_mean.max,47,50,4458.806583386305,1.4925118882023235e+17,-0.19691498217275125,0.19691498217275125,0.2570212765957447,0.06440789045732,0.19697715603595584,0,3,0.06,0.43969265524366724
f__pymfe.statistical.g_mean.quantiles.4,47,50,4458.806583386305,1.4925118882023235e+17,-0.19691498217275125,0.19691498217275125,0.2570212765957447,0.06440789045732,0.19697715603595584,0,3,0.06,0.43969265524366724
f__pymfe.statistical.g_mean.range,47,50,4458.613744658193,1.4925118882023107e+17,-0.1969149821727496,0.1969149821727496,0.19702127659574467,0.25663880812944584,0.19697715603595398,0,3,0.06,0.7896999803095746
f__pymfe.statistical.h_mean.mean,47,50,542.59519600928,8203939593986102.0,-0.19691498217272874,0.19691498217272874,0.34085106382978725,0.00504100242201998,0.19697715603593344,0,2,0.04,0.13944150862178906
f__pymfe.statistical.g_mean.mean,47,50,671.4532959070755,2.9850237764042756e+16,-0.19691498217272774,0.19691498217272774,0.34085106382978725,0.00504100242201998,0.1969771560359325,0,3,0.06,0.13944150862178906
f__pymfe.info-theory.attr_ent.kurtosis,21,48,2.8858609763900738,0.7667677663031434,0.1964623955204302,0.1964623955204302,0.20238095238095238,0.5173772739726689,0.1972001572237513,0,0,0.0,0.9327216991822386
f__pymfe.landmarking.linear_discr.kurtosis,62,83,-1.0951870290955394,-0.968961867727658,-0.19615528701796606,0.19615528701796606,0.07617567042363001,0.9712613268175357,0.24571890549637324,1,5,0.07228915662650602,1.0
f__pymfe.relative.linear_discr.kurtosis,62,83,-1.0951870290955394,-0.968961867727658,-0.19615528701796606,0.19615528701796606,0.07617567042363001,0.9712613268175357,0.24571890549637324,1,5,0.07228915662650602,1.0
f__pymfe.statistical.median.kurtosis,60,78,4.954883629335794,3.0738072386383597,0.19609607298457812,0.19609607298457812,0.2,0.11335718297446169,0.21622825044643362,0,0,0.0,0.5477957480959916
f__pymfe.model-based.tree_imbalance.histogram.4,63,83,0.028905845929559103,0.022805701839550236,0.1960896708833992,0.1960896708833992,0.1038439472174412,0.7846808697393527,0.19583516216120886,0,0,0.0,1.0
f__pymfe.model-based.tree_imbalance.histogram.5,63,83,0.024155578008357152,0.04128033266349606,-0.1958856281648226,0.1958856281648226,0.11417096959265634,0.682869974710933,0.19616469366572514,0,4,0.04819277108433735,1.0
f__pymfe.statistical.t_mean.quantiles.3,63,83,58.72043379681362,13095.527658897368,-0.1951257180782237,0.1951257180782237,0.11244979919678715,0.7024329688407905,0.19488249191326362,1,7,0.0963855421686747,1.0
f__pymfe.landmarking.linear_discr.histogram.3.relative,71,100,4.257042253521127,4.025,0.19499834707338612,0.19499834707338612,0.18338028169014084,0.10480862195702247,0.31365353289887166,0,4,0.04,0.5283277389846133
f__pymfe.relative.linear_discr.histogram.3.relative,71,100,4.257042253521127,4.025,0.19499834707338612,0.19499834707338612,0.18338028169014084,0.10480862195702247,0.31365353289887166,0,4,0.04,0.5283277389846133
f__pymfe.statistical.var.histogram.7,63,83,0.021957614133370384,0.013991884621568055,0.1943393177732985,0.1943393177732985,0.09676802447886786,0.8488522582712495,0.19410342112697512,0,0,0.0,1.0
f__pymfe.statistical.skewness.histogram.4,60,72,0.07178191011797683,0.09808467571052529,-0.19408340962945808,0.19408340962945808,0.11666666666666667,0.7189684619361718,0.2433442516508578,0,3,0.041666666666666664,1.0
f__pymfe.landmarking.one_nn.iq_range.relative,71,100,4.711267605633803,4.97,-0.19323211425615563,0.19323211425615563,0.12845070422535212,0.4516086215558015,0.20478726904140568,0,0,0.0,0.8821666431826191
f__pymfe.relative.one_nn.iq_range.relative,71,100,4.711267605633803,4.97,-0.19323211425615563,0.19323211425615563,0.12845070422535212,0.4516086215558015,0.20478726904140568,0,0,0.0,0.8821666431826191
f__pymfe.model-based.leaves_per_class.histogram.5,63,83,0.028273049701621124,0.05696800522101727,-0.19305743277505807,0.19305743277505807,0.06119716963090457,0.9973966088631198,0.24796600375170305,0,3,0.03614457831325301,1.0
f__pymfe.statistical.can_cor.histogram.5,63,83,0.5355335097001764,0.625527923381839,-0.19298225913573122,0.19298225913573122,0.1103461464907248,0.7208282215340073,0.19276049263219744,0,0,0.0,1.0
f__pymfe.model-based.leaves_corrob.max,63,83,0.17685299257445097,0.21326471750221476,-0.19243436015506923,0.19243436015506923,0.15031554790590934,0.34778198981846115,0.25482107974135243,1,0,0.012048192771084338,0.8396001952996885
f__pymfe.model-based.leaves_corrob.quantiles.4,63,83,0.17685299257445097,0.21326471750221476,-0.19243436015506923,0.19243436015506923,0.15031554790590934,0.34778198981846115,0.25482107974135243,1,0,0.012048192771084338,0.8396001952996885
f__pymfe.info-theory.joint_ent.iq_range,23,51,0.5763720906379869,0.7152880403753045,-0.19122809076584832,0.19122809076584832,0.12020460358056266,0.9460619675078932,0.24650684170538334,0,4,0.0784313725490196,1.0
f__pymfe.statistical.cor.kurtosis,58,67,14.572017534250246,2.2479113893015312,0.19026943760614007,0.19026943760614007,0.10859495625321668,0.8049338285546725,0.20182788216761152,0,0,0.0,1.0
f__pymfe.landmarking.random_node.histogram.9.relative,71,100,3.507042253521127,3.835,-0.19023521175081645,0.19023521175081645,0.14056338028169013,0.34384066519450446,0.2115728181968662,0,0,0.0,0.8396001952996885
f__pymfe.relative.random_node.histogram.9.relative,71,100,3.507042253521127,3.835,-0.19023521175081645,0.19023521175081645,0.14056338028169013,0.34384066519450446,0.2115728181968662,0,0,0.0,0.8396001952996885
f__pymfe.general.freq_class.histogram.7,71,100,0.007421451787648971,0.016494227994227992,-0.18992214908651417,0.18992214908651417,0.053661971830985915,0.998940272982191,0.1896447673188868,0,1,0.01,1.0
f__pymfe.statistical.nr_outliers,71,100,82.45774647887323,190.265,-0.18949440115039898,0.18949440115039898,0.16253521126760564,0.1943280557428784,0.21764000978022113,0,4,0.04,0.7033979673967087
f__pymfe.info-theory.attr_conc.histogram.2,21,47,0.04868497904212187,0.061899005250069056,-0.18910191544088212,0.18910191544088212,0.2127659574468085,0.4529120739575893,0.24436508474271523,0,10,0.2127659574468085,0.8827740861776924
f__pymfe.statistical.sd.min,63,83,2.1336389920304786,787.2617550959764,-0.18890163410474567,0.18890163410474567,0.19391853126792885,0.11462540219660321,0.18872321955021765,0,6,0.07228915662650602,0.5477957480959916
f__pymfe.statistical.sd.quantiles.0,63,83,2.1336389920304786,787.2617550959764,-0.18890163410474567,0.18890163410474567,0.19391853126792885,0.11462540219660321,0.18872321955021765,0,6,0.07228915662650602,0.5477957480959916
f__pymfe.landmarking.worst_node.histogram.3.relative,71,100,3.4964788732394365,3.805,-0.1888580926429402,0.1888580926429402,0.1364788732394366,0.3783701201036188,0.20869474798570536,0,0,0.0,0.8718243989820778
f__pymfe.relative.worst_node.histogram.3.relative,71,100,3.4964788732394365,3.805,-0.1888580926429402,0.1888580926429402,0.1364788732394366,0.3783701201036188,0.20869474798570536,0,0,0.0,0.8718243989820778
f__pymfe.info-theory.joint_ent.histogram.1,23,51,0.07982749026311267,0.107156130969161,-0.18807836313827817,0.18807836313827817,0.1679454390451833,0.6875821938040426,0.21558623153703693,0,1,0.0196078431372549,1.0
f__pymfe.statistical.nr_cor_attr,62,80,0.2054360149548221,0.15710292812452248,0.18806812178331778,0.18806812178331778,0.17983870967741936,0.17982508065378927,0.19531518951370863,0,0,0.0,0.6962792374106865
f__pymfe.statistical.cov.quantiles.1,62,80,23.36286363841542,5123280.812104073,-0.18760698429692346,0.18760698429692346,0.19193548387096773,0.12980410065680809,0.18745456022977972,3,11,0.175,0.5828458637335109
f__pymfe.model-based.nodes_per_level.iq_range,63,83,52.611111111111114,97.67168674698796,-0.1870435929073908,0.1870435929073908,0.20328934786766112,0.08714936943777435,0.1996214008132584,2,3,0.060240963855421686,0.5007184201030548
f__pymfe.model-based.leaves_homo.kurtosis,63,81,193.6443353046177,333.8736634611686,-0.18668414269142852,0.18668414269142852,0.15873015873015872,0.2980316020189562,0.19481529481146478,9,2,0.13580246913580246,0.8111114737459877
f__pymfe.model-based.tree_shape.sd,63,83,0.05404035048061432,0.06184018288653286,-0.1866239101693247,0.1866239101693247,0.18244406196213425,0.15813930206136745,0.30968371395668043,3,7,0.12048192771084337,0.6456891996716444
f__pymfe.landmarking.elite_nn.histogram.4,63,83,0.0706349206349206,0.08012048192771083,-0.18640758511258088,0.18640758511258088,0.08357238477720405,0.93850198845047,0.18625062630100075,0,0,0.0,1.0
f__pymfe.relative.elite_nn.histogram.4,63,83,0.0706349206349206,0.08012048192771083,-0.18640758511258088,0.18640758511258088,0.08357238477720405,0.93850198845047,0.18625062630100075,0,0,0.0,1.0
f__pymfe.model-based.leaves_branch.min,63,83,3.4285714285714284,3.1867469879518073,0.18623933526401695,0.18623933526401695,0.13482501434308664,0.4794849659464218,0.2240512644539502,0,0,0.0,0.9010719817258079
f__pymfe.model-based.leaves_branch.quantiles.0,63,83,3.4285714285714284,3.1867469879518073,0.18623933526401695,0.18623933526401695,0.13482501434308664,0.4794849659464218,0.2240512644539502,0,0,0.0,0.9010719817258079
f__pymfe.landmarking.naive_bayes.histogram.2,63,83,0.06666666666666665,0.05662650602409638,0.18616148599245438,0.18616148599245438,0.12392426850258176,0.585824969050145,0.18600683713510546,0,0,0.0,0.9717925317081479
f__pymfe.relative.naive_bayes.histogram.2,63,83,0.06666666666666665,0.05662650602409638,0.18616148599245438,0.18616148599245438,0.12392426850258176,0.585824969050145,0.18600683713510546,0,0,0.0,0.9717925317081479
f__pymfe.landmarking.random_node.mean,63,83,0.3967455391763184,0.4359713599317681,-0.18608783735332696,0.18608783735332696,0.1589213998852553,0.2864729562250587,0.22361328976928607,2,2,0.04819277108433735,0.8037317757243894
f__pymfe.relative.random_node.mean,63,83,0.3967455391763184,0.4359713599317681,-0.18608783735332696,0.18608783735332696,0.1589213998852553,0.2864729562250587,0.22361328976928607,2,2,0.04819277108433735,0.8037317757243894
f__pymfe.statistical.max.histogram.1,63,83,0.04456527829515872,0.06233745997779473,-0.18516120790932847,0.18516120790932847,0.12774909160451328,0.5478706622130501,0.19355303795212297,0,4,0.04819277108433735,0.9500604458767637
f__pymfe.statistical.t_mean.histogram.4,63,83,0.05451387415719351,0.04033969890548465,0.18489640949138417,0.18489640949138417,0.09734174794415758,0.8435809478471878,0.18549786214652778,0,0,0.0,1.0
f__pymfe.statistical.kurtosis.histogram.4,60,72,0.03838471342804508,0.027159949289331457,0.18483428628605428,0.18483428628605428,0.16111111111111112,0.32680017163906805,0.24544188924819157,0,1,0.013888888888888888,0.8199529372496906
f__pymfe.landmarking.naive_bayes.range.relative,71,100,4.883802816901408,4.615,0.18467862216430966,0.18467862216430966,0.1443661971830986,0.3129924565149945,0.2928922584921436,0,0,0.0,0.8171448009666713
f__pymfe.relative.naive_bayes.range.relative,71,100,4.883802816901408,4.615,0.18467862216430966,0.18467862216430966,0.1443661971830986,0.3129924565149945,0.2928922584921436,0,0,0.0,0.8171448009666713
f__pymfe.statistical.range.quantiles.3,63,83,1606.3852421450028,1313745.3644412162,-0.18464307235237534,0.18464307235237534,0.14209217823675654,0.41462216120796375,0.18450259242693506,0,5,0.060240963855421686,0.8718243989820778
f__pymfe.statistical.max.quantiles.3,63,83,1644.9299904270033,1313749.3703133294,-0.18463818793652617,0.18463818793652617,0.12870529737999617,0.5380358966732566,0.1845003740789225,0,5,0.060240963855421686,0.9500604458767637
f__pymfe.statistical.max.iq_range,63,83,1590.5122793626588,1295074.442592771,-0.18458828968927388,0.18458828968927388,0.16083381143622108,0.27339501288037427,0.18445233072946915,0,3,0.03614457831325301,0.8037317757243894
f__pymfe.statistical.range.iq_range,63,83,1559.587280111674,1295877.2072521418,-0.18457330982730752,0.18457330982730752,0.16905718110537388,0.22349525064832584,0.18443436789880693,0,3,0.03614457831325301,0.7467008722776428
f__pymfe.model-based.nodes_per_level.quantiles.3,63,83,57.648809523809526,103.10090361445783,-0.18434934298166447,0.18434934298166447,0.20386307133295084,0.0855680271543401,0.19986216429558348,8,3,0.13253012048192772,0.5007184201030548
f__pymfe.landmarking.naive_bayes.kurtosis,62,82,-1.0893102157499988,-0.9880947353133241,-0.1836222211932735,0.1836222211932735,0.12667191188040913,0.5693392567790956,0.2117578246536721,3,2,0.06097560975609756,0.9630204745071793
f__pymfe.relative.naive_bayes.kurtosis,62,82,-1.0893102157499988,-0.9880947353133241,-0.1836222211932735,0.1836222211932735,0.12667191188040913,0.5693392567790956,0.2117578246536721,3,2,0.06097560975609756,0.9630204745071793
f__pymfe.statistical.g_mean.histogram.8,47,50,0.006336090647589564,0.012542286545052359,-0.18350247636792177,0.18350247636792177,0.05617021276595745,0.9999668892131579,0.18576350982434628,0,2,0.04,1.0
f__pymfe.model-based.leaves_per_class.histogram.7,63,83,0.019459640888212313,0.012109978375038615,0.182219348877634,0.182219348877634,0.09409064830751578,0.8691712777952083,0.2205739126717236,0,1,0.012048192771084338,1.0
f__pymfe.model-based.leaves_per_class.min,63,83,0.266199425050551,0.30269312642333457,-0.18213355024226835,0.18213355024226835,0.1638936699177663,0.25460022814988553,0.18258814951424404,2,3,0.060240963855421686,0.7896999803095746
f__pymfe.model-based.leaves_per_class.quantiles.0,63,83,0.266199425050551,0.30269312642333457,-0.18213355024226835,0.18213355024226835,0.1638936699177663,0.25460022814988553,0.18258814951424404,2,3,0.060240963855421686,0.7896999803095746
f__pymfe.statistical.sd.quantiles.3,63,83,132.0664870124485,91250.22130429404,-0.181867338542613,0.181867338542613,0.14209217823675654,0.41462216120796375,0.18175214054362307,0,4,0.04819277108433735,0.8718243989820778
f__pymfe.landmarking.elite_nn.histogram.6.relative,71,100,3.9788732394366195,3.7525,0.18179953848985742,0.18179953848985742,0.13070422535211268,0.4303091280605044,0.18233522188624904,0,0,0.0,0.8753623506103916
f__pymfe.relative.elite_nn.histogram.6.relative,71,100,3.9788732394366195,3.7525,0.18179953848985742,0.18179953848985742,0.13070422535211268,0.4303091280605044,0.18233522188624904,0,0,0.0,0.8753623506103916
f__pymfe.model-based.nodes_per_level.sd,63,82,37.247388989497004,66.14906475207317,-0.1811002558248766,0.1811002558248766,0.20712349980642664,0.07807740953339645,0.19634377630143585,10,3,0.15853658536585366,0.48889877922669733
f__pymfe.general.attr_to_inst,71,100,0.06179553862704436,0.10105209668190024,-0.1804346603996875,0.1804346603996875,0.1687323943661972,0.16328451519453777,0.21167260968680837,4,1,0.05,0.6593075008988515
f__pymfe.landmarking.random_node.histogram.7.relative,71,100,3.6549295774647885,3.8875,-0.17993249049682983,0.17993249049682983,0.10098591549295774,0.7423821819562486,0.2168164865064945,3,1,0.04,1.0
f__pymfe.relative.random_node.histogram.7.relative,71,100,3.6549295774647885,3.8875,-0.17993249049682983,0.17993249049682983,0.10098591549295774,0.7423821819562486,0.2168164865064945,3,1,0.04,1.0
f__pymfe.statistical.t_mean.iq_range,63,83,44.38947770762155,12021.703120515816,-0.17990993842232733,0.17990993842232733,0.11340600497227003,0.6916882915157156,0.1798116467197091,0,4,0.04819277108433735,1.0
f__pymfe.statistical.sd.iq_range,63,83,126.63443798124112,90015.4654489888,-0.1796682468715114,0.1796682468715114,0.10900745840504876,0.7357730709811265,0.17957332155296454,0,2,0.024096385542168676,1.0
f__pymfe.landmarking.naive_bayes.max.relative,71,100,5.133802816901408,4.915,0.17953696810094785,0.17953696810094785,0.1523943661971831,0.2559527225734301,0.20100628721282168,1,0,0.01,0.7896999803095746
f__pymfe.landmarking.naive_bayes.quantiles.4.relative,71,100,5.133802816901408,4.915,0.17953696810094785,0.17953696810094785,0.1523943661971831,0.2559527225734301,0.20100628721282168,1,0,0.01,0.7896999803095746
f__pymfe.relative.naive_bayes.max.relative,71,100,5.133802816901408,4.915,0.17953696810094785,0.17953696810094785,0.1523943661971831,0.2559527225734301,0.20100628721282168,1,0,0.01,0.7896999803095746
f__pymfe.relative.naive_bayes.quantiles.4.relative,71,100,5.133802816901408,4.915,0.17953696810094785,0.17953696810094785,0.1523943661971831,0.2559527225734301,0.20100628721282168,1,0,0.01,0.7896999803095746
f__pymfe.landmarking.naive_bayes.sd.relative,71,100,4.887323943661972,4.625,0.17950690974103004,0.17950690974103004,0.16380281690140844,0.18794765931879326,0.30786779051530233,0,0,0.0,0.7033979673967087
f__pymfe.relative.naive_bayes.sd.relative,71,100,4.887323943661972,4.625,0.17950690974103004,0.17950690974103004,0.16380281690140844,0.18794765931879326,0.30786779051530233,0,0,0.0,0.7033979673967087
f__pymfe.landmarking.random_node.max.relative,71,100,2.464788732394366,2.775,-0.17925982934252838,0.17925982934252838,0.09690140845070423,0.7846693923483887,0.18823117861720304,0,0,0.0,1.0
f__pymfe.landmarking.random_node.quantiles.4.relative,71,100,2.464788732394366,2.775,-0.17925982934252838,0.17925982934252838,0.09690140845070423,0.7846693923483887,0.18823117861720304,0,0,0.0,1.0
f__pymfe.relative.random_node.max.relative,71,100,2.464788732394366,2.775,-0.17925982934252838,0.17925982934252838,0.09690140845070423,0.7846693923483887,0.18823117861720304,0,0,0.0,1.0
f__pymfe.relative.random_node.quantiles.4.relative,71,100,2.464788732394366,2.775,-0.17925982934252838,0.17925982934252838,0.09690140845070423,0.7846693923483887,0.18823117861720304,0,0,0.0,1.0
f__pymfe.landmarking.linear_discr.max.relative,71,100,5.397887323943662,5.1425,0.17904228533017677,0.17904228533017677,0.08577464788732395,0.8852575425599455,0.1788682439097988,2,0,0.02,1.0
f__pymfe.landmarking.linear_discr.quantiles.4.relative,71,100,5.397887323943662,5.1425,0.17904228533017677,0.17904228533017677,0.08577464788732395,0.8852575425599455,0.1788682439097988,2,0,0.02,1.0
f__pymfe.relative.linear_discr.max.relative,71,100,5.397887323943662,5.1425,0.17904228533017677,0.17904228533017677,0.08577464788732395,0.8852575425599455,0.1788682439097988,2,0,0.02,1.0
f__pymfe.relative.linear_discr.quantiles.4.relative,71,100,5.397887323943662,5.1425,0.17904228533017677,0.17904228533017677,0.08577464788732395,0.8852575425599455,0.1788682439097988,2,0,0.02,1.0
f__pymfe.statistical.eigenvalues.median,62,80,1399.1068728086163,150608226.94843614,-0.17894091636631326,0.17894091636631326,0.22782258064516128,0.043507303127615936,0.17886580858262668,2,4,0.075,0.37346201422370556
f__pymfe.statistical.eigenvalues.quantiles.2,62,80,1399.1068728086163,150608226.94843614,-0.17894091636631326,0.17894091636631326,0.22782258064516128,0.043507303127615936,0.17886580858262668,2,4,0.075,0.37346201422370556
f__pymfe.statistical.kurtosis.max,60,72,1019.9685964882266,2755.4960431379805,-0.17872976739679763,0.17872976739679763,0.1527777777777778,0.38896867331729995,0.19164637785889613,1,1,0.027777777777777776,0.8718243989820778
f__pymfe.statistical.kurtosis.quantiles.4,60,72,1019.9685964882266,2755.4960431379805,-0.17872976739679763,0.17872976739679763,0.1527777777777778,0.38896867331729995,0.19164637785889613,1,1,0.027777777777777776,0.8718243989820778
f__pymfe.landmarking.worst_node.histogram.0.relative,71,100,3.8380281690140845,4.2025,-0.17747883471492792,0.17747883471492792,0.1552112676056338,0.23741061886932094,0.17731836000846796,0,0,0.0,0.7750900652699011
f__pymfe.relative.worst_node.histogram.0.relative,71,100,3.8380281690140845,4.2025,-0.17747883471492792,0.17747883471492792,0.1552112676056338,0.23741061886932094,0.17731836000846796,0,0,0.0,0.7750900652699011
f__pymfe.statistical.sd.median,63,83,14.239361077042577,4278.618619622373,-0.17731627213730408,0.17731627213730408,0.16446739338305602,0.251122031243292,0.17723930405676783,0,6,0.07228915662650602,0.7896999803095746
f__pymfe.statistical.sd.quantiles.2,63,83,14.239361077042577,4278.618619622373,-0.17731627213730408,0.17731627213730408,0.16446739338305602,0.251122031243292,0.17723930405676783,0,6,0.07228915662650602,0.7896999803095746
f__pymfe.statistical.eigenvalues.histogram.2,62,80,0.02295347801009563,0.0339136205079061,-0.17727205737951388,0.17727205737951388,0.10685483870967742,0.7686511559429963,0.19304839218093697,0,0,0.0,1.0
f__pymfe.statistical.kurtosis.range,60,72,1020.2141917122252,2736.871330231885,-0.17695715819080257,0.17695715819080257,0.15555555555555556,0.3675164097559687,0.19006287282168804,0,1,0.013888888888888888,0.8612994222789734
f__pymfe.model-based.var_importance.range,63,83,0.22730195298842942,0.2593680977346059,-0.1761558044451385,0.1761558044451385,0.14534327787339835,0.38824613278100295,0.18934931302207636,0,2,0.024096385542168676,0.8718243989820778
f__pymfe.statistical.min.quantiles.1,63,83,5.964302105086211,-57.24462371479483,0.17610521175855773,0.17610521175855773,0.1621724995218971,0.264947800760079,0.2485409382418555,10,1,0.13253012048192772,0.7956477778001119
f__pymfe.landmarking.random_node.histogram.8,63,83,0.03333333333333333,0.024096385542168676,0.17596242854840383,0.17596242854840383,0.1202906865557468,0.622007360367189,0.2603848929445044,0,2,0.024096385542168676,0.9743956899086752
f__pymfe.relative.random_node.histogram.8,63,83,0.03333333333333333,0.024096385542168676,0.17596242854840383,0.17596242854840383,0.1202906865557468,0.622007360367189,0.2603848929445044,0,2,0.024096385542168676,0.9743956899086752
f__pymfe.model-based.nodes_per_level.max,63,83,111.4047619047619,192.67469879518072,-0.1757954462094721,0.1757954462094721,0.20328934786766112,0.08714936943777435,0.191841971978914,10,3,0.1566265060240964,0.5007184201030548
f__pymfe.model-based.nodes_per_level.quantiles.4,63,83,111.4047619047619,192.67469879518072,-0.1757954462094721,0.1757954462094721,0.20328934786766112,0.08714936943777435,0.191841971978914,10,3,0.1566265060240964,0.5007184201030548
f__pymfe.model-based.nodes_per_level.range,63,83,110.4047619047619,191.67469879518072,-0.1757954462094721,0.1757954462094721,0.20328934786766112,0.08714936943777435,0.191841971978914,10,3,0.1566265060240964,0.5007184201030548
f__pymfe.statistical.eigenvalues.min,62,80,2.861204735628441,398.5972396765566,-0.1757226238239981,0.1757226238239981,0.17943548387096775,0.1817553740839023,0.1759674692092453,2,5,0.0875,0.6967497765765257
f__pymfe.statistical.eigenvalues.quantiles.0,62,80,2.861204735628441,398.5972396765566,-0.1757226238239981,0.1757226238239981,0.17943548387096775,0.1817553740839023,0.1759674692092453,2,5,0.0875,0.6967497765765257
f__pymfe.statistical.max.quantiles.1,63,83,54.42490132413719,19278.465556574723,-0.17556413805156584,0.17556413805156584,0.13711990820424555,0.4597251268690135,0.17550227676442715,1,9,0.12048192771084337,0.8910996110895146
f__pymfe.statistical.range.quantiles.1,63,83,46.79931697199886,19252.618000665985,-0.17539509147284013,0.17539509147284013,0.12774909160451328,0.5478706622130501,0.17533434038087628,2,10,0.14457831325301204,0.9500604458767637
f__pymfe.model-based.leaves_branch.sd,63,83,3.537529960859387,4.644314439282375,-0.17504900327065448,0.17504900327065448,0.1738382099827883,0.198362318350889,0.19289787390650398,3,2,0.060240963855421686,0.7033979673967087
f__pymfe.general.cat_to_num,63,83,8.64950317205534,1.1424044695864475,0.17482664686729554,0.17482664686729554,0.17154331612162937,0.21056211108456457,0.18879150685092155,0,0,0.0,0.7258732560614128
f__pymfe.landmarking.worst_node.histogram.2.relative,71,100,3.6549295774647885,3.93,-0.17470933653777732,0.17470933653777732,0.09732394366197183,0.7796878241255425,0.17457212344336603,0,0,0.0,1.0
f__pymfe.relative.worst_node.histogram.2.relative,71,100,3.6549295774647885,3.93,-0.17470933653777732,0.17470933653777732,0.09732394366197183,0.7796878241255425,0.17457212344336603,0,0,0.0,1.0
f__pymfe.model-based.leaves_homo.skewness,63,82,8.057914656573477,10.177046913458094,-0.1743298431927982,0.1743298431927982,0.15466511807975222,0.31759374239827526,0.21934754815337676,4,1,0.06097560975609756,0.8185424191810081
f__pymfe.landmarking.random_node.histogram.6,63,83,0.05238095238095238,0.04156626506024096,0.17400607101298599,0.17400607101298599,0.13444253203289347,0.48249680669600087,0.21271474685489997,0,1,0.012048192771084338,0.9014479966593116
f__pymfe.relative.random_node.histogram.6,63,83,0.05238095238095238,0.04156626506024096,0.17400607101298599,0.17400607101298599,0.13444253203289347,0.48249680669600087,0.21271474685489997,0,1,0.012048192771084338,0.9014479966593116
f__pymfe.model-based.leaves_homo.histogram.4,63,83,0.0,0.0055518516754766096,-0.1738411367807877,0.1738411367807877,0.024096385542168676,1.0,0.17379178817596935,0,2,0.024096385542168676,1.0
f__pymfe.model-based.leaves_branch.range,63,83,17.865079365079364,22.451807228915662,-0.1737694138671859,0.1737694138671859,0.14190093708165996,0.4163820715997996,0.21819379433797595,4,1,0.060240963855421686,0.8718243989820778
f__pymfe.model-based.nodes_per_level.mean,63,83,35.06263825799471,58.488495594502616,-0.17373650868237703,0.17373650868237703,0.22356091030789826,0.04581680329302196,0.19486764687113786,10,3,0.1566265060240964,0.38054059937157614
f__pymfe.statistical.var.skewness,62,80,2.0485589652821647,1.6758019854906574,0.17364042093677765,0.17364042093677765,0.16088709677419355,0.2858955797904183,0.25516787803103413,0,1,0.0125,0.8037317757243894
f__pymfe.statistical.kurtosis.iq_range,60,72,34.553065612053075,182.56688297449818,-0.17360812849358684,0.17360812849358684,0.19444444444444445,0.1471128976933385,0.20316776163694236,0,3,0.041666666666666664,0.6305648343661516
f__pymfe.model-based.leaves_per_class.histogram.0,63,83,0.35595801905325714,0.3839724398760544,-0.17279166470679233,0.17279166470679233,0.11646586345381527,0.6611314955443652,0.20949432864368087,3,0,0.03614457831325301,0.9932462861833341
f__pymfe.statistical.mean.quantiles.1,63,83,16.193288302133418,1190.8810257956713,-0.1723236119668516,0.1723236119668516,0.19563970166379804,0.10924419635834094,0.1726458814661727,4,4,0.0963855421686747,0.538825990038217
f__pymfe.model-based.tree_shape.kurtosis,63,82,52.452965066383584,87.05911414572888,-0.17212249506054322,0.17212249506054322,0.11575687185443283,0.6693825549293637,0.1891142188027732,7,1,0.0975609756097561,0.9981583586528092
f__pymfe.landmarking.random_node.histogram.9,63,83,0.12380952380952377,0.1572289156626506,-0.17202124139521338,0.17202124139521338,0.09868043602983362,0.8306135326098392,0.17375729894186923,0,3,0.03614457831325301,1.0
f__pymfe.relative.random_node.histogram.9,63,83,0.12380952380952377,0.1572289156626506,-0.17202124139521338,0.17202124139521338,0.09868043602983362,0.8306135326098392,0.17375729894186923,0,3,0.03614457831325301,1.0
f__pymfe.model-based.tree_imbalance.count,63,83,18.571428571428573,22.927710843373493,-0.1717871224748959,0.1717871224748959,0.14190093708165996,0.4163820715997996,0.22329677198695175,5,1,0.07228915662650602,0.8718243989820778
f__pymfe.statistical.mean.quantiles.3,63,83,80.5408238847449,45292.39018594304,-0.17170241949136145,0.17170241949136145,0.0963855421686747,0.8512671153519268,0.17167012020625982,1,8,0.10843373493975904,1.0
f__pymfe.landmarking.naive_bayes.quantiles.3,63,83,0.7001957747964362,0.6694026858569636,0.17112148919065417,0.17112148919065417,0.15777395295467583,0.2938158581250731,0.24193701450831454,2,0,0.024096385542168676,0.8037317757243894
f__pymfe.relative.naive_bayes.quantiles.3,63,83,0.7001957747964362,0.6694026858569636,0.17112148919065417,0.17112148919065417,0.15777395295467583,0.2938158581250731,0.24193701450831454,2,0,0.024096385542168676,0.8037317757243894
f__pymfe.model-based.tree_depth.skewness,63,83,0.13425525643609368,0.21655953804039238,-0.17103331248348677,0.17103331248348677,0.13826735513482502,0.4478705411911265,0.2457882827965139,2,0,0.024096385542168676,0.8821666431826191
f__pymfe.statistical.t_mean.median,63,83,24.064144665950828,1193.725771320051,-0.17098424472071827,0.17098424472071827,0.12545419774335437,0.5701225391811061,0.17114676761020028,1,5,0.07228915662650602,0.9630204745071793
f__pymfe.statistical.t_mean.quantiles.2,63,83,24.064144665950828,1193.725771320051,-0.17098424472071827,0.17098424472071827,0.12545419774335437,0.5701225391811061,0.17114676761020028,1,5,0.07228915662650602,0.9630204745071793
f__pymfe.statistical.skewness.range,60,72,15.905471622979508,23.483910499578062,-0.170794540068054,0.170794540068054,0.14722222222222223,0.4342244101993346,0.24955147421028634,0,3,0.041666666666666664,0.8790429633980655
f__pymfe.statistical.kurtosis.histogram.8,60,72,0.011589189486853842,0.006723846419854059,0.1707000221526965,0.1707000221526965,0.10277777777777777,0.8431557203735034,0.215992669973878,0,0,0.0,1.0
f__pymfe.model-based.tree_shape.max,63,83,0.32998511904761907,0.35179781626506024,-0.17030401507884838,0.17030401507884838,0.13482501434308664,0.4794849659464218,0.19435471957856706,0,0,0.0,0.9010719817258079
f__pymfe.model-based.tree_shape.quantiles.4,63,83,0.32998511904761907,0.35179781626506024,-0.17030401507884838,0.17030401507884838,0.13482501434308664,0.4794849659464218,0.19435471957856706,0,0,0.0,0.9010719817258079
f__pymfe.statistical.kurtosis.quantiles.3,60,72,41.964143508256505,223.17770316253882,-0.17023459944490626,0.17023459944490626,0.16666666666666666,0.2892059811983701,0.1919942969508802,1,2,0.041666666666666664,0.8037317757243894
f__pymfe.model-based.tree_depth.sd,63,83,3.793627155714165,4.862066202714362,-0.17009134032912165,0.17009134032912165,0.16943966341556704,0.22194768309885415,0.19248278338941846,5,2,0.08433734939759036,0.7467008722776428
f__pymfe.general.nr_cat,71,100,29.04225352112676,8.7,0.1693833923968598,0.1693833923968598,0.186056338028169,0.0965400604395077,0.1943198255293224,0,0,0.0,0.5193077747803049
f__pymfe.info-theory.attr_ent.count,71,100,29.04225352112676,8.7,0.1693833923968598,0.1693833923968598,0.186056338028169,0.0965400604395077,0.1943198255293224,0,0,0.0,0.5193077747803049
f__pymfe.info-theory.class_conc.count,71,100,29.04225352112676,8.7,0.1693833923968598,0.1693833923968598,0.186056338028169,0.0965400604395077,0.1943198255293224,0,0,0.0,0.5193077747803049
f__pymfe.info-theory.joint_ent.count,71,100,29.04225352112676,8.7,0.1693833923968598,0.1693833923968598,0.186056338028169,0.0965400604395077,0.1943198255293224,0,0,0.0,0.5193077747803049
f__pymfe.info-theory.mut_inf.count,71,100,29.04225352112676,8.7,0.1693833923968598,0.1693833923968598,0.186056338028169,0.0965400604395077,0.1943198255293224,0,0,0.0,0.5193077747803049
f__pymfe.landmarking.random_node.skewness,47,65,-0.16644160139943093,-0.3049693806690093,0.169286680667207,0.169286680667207,0.16268412438625204,0.41013273272413997,0.22920720592008012,5,0,0.07692307692307693,0.8718243989820778
f__pymfe.relative.random_node.skewness,47,65,-0.16644160139943093,-0.3049693806690093,0.169286680667207,0.169286680667207,0.16268412438625204,0.41013273272413997,0.22920720592008012,5,0,0.07692307692307693,0.8718243989820778
f__pymfe.statistical.max.histogram.6,63,83,0.013879713657949934,0.023301441374287746,-0.16910865711263828,0.16910865711263828,0.06463951042264296,0.9948093388891457,0.17763612677223672,0,3,0.03614457831325301,1.0
f__pymfe.model-based.nodes_per_level.histogram.6,63,83,0.05702658479165882,0.05050478495946879,0.16828977668692016,0.16828977668692016,0.2011856951615988,0.09272257572922794,0.22876950355385087,0,0,0.0,0.5139647488257754
f__pymfe.model-based.tree_shape.histogram.2,63,83,0.048544687772220686,0.0604248839022667,-0.1681151696396539,0.1681151696396539,0.13214763817173455,0.5058218531644805,0.19188903298638466,0,2,0.024096385542168676,0.9201914833328384
f__pymfe.statistical.cor.count,71,100,110699.23943661971,486537.73,-0.1677393091530722,0.1677393091530722,0.2415492957746479,0.012567059848548688,0.1732199085441266,0,3,0.03,0.19004714091720326
f__pymfe.statistical.cov.count,71,100,110699.23943661971,486537.73,-0.1677393091530722,0.1677393091530722,0.2415492957746479,0.012567059848548688,0.1732199085441266,0,3,0.03,0.19004714091720326
f__pymfe.statistical.h_mean.histogram.1,47,50,0.05031326539347459,0.0379750325375208,0.16759376718415975,0.16759376718415975,0.08170212765957446,0.9892055440935669,0.182835336272257,0,0,0.0,1.0
f__pymfe.statistical.min.histogram.7,63,83,0.02731116777769105,0.01834265222438041,0.16754523615761535,0.16754523615761535,0.08969210174029452,0.9018778869738657,0.1675979503055606,0,0,0.0,1.0
f__pymfe.statistical.mean.iq_range,63,83,64.35213700353637,44106.53286254761,-0.16726406986217177,0.16726406986217177,0.10518263530311724,0.7728108160946794,0.16726322424710977,0,5,0.060240963855421686,1.0
f__pymfe.statistical.kurtosis.min,60,72,-0.26954840984904654,18.620543454605315,-0.16721571558457168,0.16721571558457168,0.14166666666666666,0.48227646282510883,0.1700065793819152,1,2,0.041666666666666664,0.9014479966593116
f__pymfe.statistical.kurtosis.quantiles.0,60,72,-0.26954840984904654,18.620543454605315,-0.16721571558457168,0.16721571558457168,0.14166666666666666,0.48227646282510883,0.1700065793819152,1,2,0.041666666666666664,0.9014479966593116
f__pymfe.landmarking.linear_discr.sd.relative,71,100,4.225352112676056,4.4475,-0.1666839429169738,0.1666839429169738,0.1028169014084507,0.7230702708054043,0.19259426891782003,0,0,0.0,1.0
f__pymfe.relative.linear_discr.sd.relative,71,100,4.225352112676056,4.4475,-0.1666839429169738,0.1666839429169738,0.1028169014084507,0.7230702708054043,0.19259426891782003,0,0,0.0,1.0
f__pymfe.landmarking.random_node.min.relative,71,100,3.0316901408450705,3.325,-0.1665246592154865,0.1665246592154865,0.1628169014084507,0.19315112981619564,0.22963384093982583,0,1,0.01,0.7033979673967087
f__pymfe.landmarking.random_node.quantiles.0.relative,71,100,3.0316901408450705,3.325,-0.1665246592154865,0.1665246592154865,0.1628169014084507,0.19315112981619564,0.22963384093982583,0,1,0.01,0.7033979673967087
f__pymfe.relative.random_node.min.relative,71,100,3.0316901408450705,3.325,-0.1665246592154865,0.1665246592154865,0.1628169014084507,0.19315112981619564,0.22963384093982583,0,1,0.01,0.7033979673967087
f__pymfe.relative.random_node.quantiles.0.relative,71,100,3.0316901408450705,3.325,-0.1665246592154865,0.1665246592154865,0.1628169014084507,0.19315112981619564,0.22963384093982583,0,1,0.01,0.7033979673967087
f__pymfe.statistical.eigenvalues.histogram.8,62,80,0.008990672524536895,0.0032971818670971204,0.1662456585094621,0.1662456585094621,0.07903225806451612,0.96464624622797,0.16626607726532938,0,0,0.0,1.0
f__pymfe.landmarking.elite_nn.histogram.7.relative,71,100,3.98943661971831,3.7825,0.16560450832155732,0.16560450832155732,0.1547887323943662,0.2399131692414911,0.1930842452652792,0,1,0.01,0.7769309298870913
f__pymfe.relative.elite_nn.histogram.7.relative,71,100,3.98943661971831,3.7825,0.16560450832155732,0.16560450832155732,0.1547887323943662,0.2399131692414911,0.1930842452652792,0,1,0.01,0.7769309298870913
f__pymfe.statistical.iq_range.median,63,83,11.836254445491354,1140.4108707523567,-0.16548682744214938,0.16548682744214938,0.18416523235800344,0.15087281734438118,0.1654984695213166,0,7,0.08433734939759036,0.6364450689553763
f__pymfe.statistical.iq_range.quantiles.2,63,83,11.836254445491354,1140.4108707523567,-0.16548682744214938,0.16548682744214938,0.18416523235800344,0.15087281734438118,0.1654984695213166,0,7,0.08433734939759036,0.6364450689553763
f__pymfe.statistical.mean.min,63,83,10.429025156197943,1136.2677082941814,-0.16530436528528314,0.16530436528528314,0.11723082807420157,0.6530611784214363,0.16689651116944754,6,3,0.10843373493975904,0.9904040387980723
f__pymfe.statistical.mean.quantiles.0,63,83,10.429025156197943,1136.2677082941814,-0.16530436528528314,0.16530436528528314,0.11723082807420157,0.6530611784214363,0.16689651116944754,6,3,0.10843373493975904,0.9904040387980723
f__pymfe.statistical.cov.median,62,80,211.7956247644209,47108471.596216716,-0.1652816042736992,0.1652816042736992,0.1338709677419355,0.5035802943104483,0.1653084506524634,0,6,0.075,0.9194068471294403
f__pymfe.statistical.cov.quantiles.2,62,80,211.7956247644209,47108471.596216716,-0.1652816042736992,0.1652816042736992,0.1338709677419355,0.5035802943104483,0.1653084506524634,0,6,0.075,0.9194068471294403
f__pymfe.model-based.nodes_repeated.sd,62,79,63.444148330250606,120.39536612636113,-0.16490987549968808,0.16490987549968808,0.17925683952633728,0.18376650702612662,0.16693550836497767,8,1,0.11392405063291139,0.6967497765765257
f__pymfe.model-based.leaves_branch.iq_range,63,83,4.751984126984127,6.256024096385542,-0.1647094904135522,0.1647094904135522,0.18588640275387264,0.14390348356365673,0.1867232273623571,5,1,0.07228915662650602,0.6234521193311939
f__pymfe.statistical.iq_range.quantiles.3,63,83,36.645965874814046,43243.54343718241,-0.16466917553366153,0.16466917553366153,0.14209217823675654,0.41462216120796375,0.16468632141114628,0,8,0.0963855421686747,0.8718243989820778
f__pymfe.statistical.var.min,63,83,60.47578020933729,30590369.430307597,-0.1643891378424282,0.1643891378424282,0.19391853126792885,0.11462540219660321,0.16440736038472076,0,6,0.07228915662650602,0.5477957480959916
f__pymfe.statistical.var.quantiles.0,63,83,60.47578020933729,30590369.430307597,-0.1643891378424282,0.1643891378424282,0.19391853126792885,0.11462540219660321,0.16440736038472076,0,6,0.07228915662650602,0.5477957480959916
f__pymfe.info-theory.joint_ent.range,23,51,1.554265530764185,1.8015192437704644,-0.16435442986709822,0.16435442986709822,0.1577152600170503,0.7550493390273437,0.23633111007173885,0,2,0.0392156862745098,1.0
f__pymfe.model-based.leaves_per_class.kurtosis,63,81,-2.1152818370626085,-2.2404384836573996,0.16422732194802567,0.16422732194802567,0.10405643738977072,0.7948048460437033,0.19473550641926324,0,1,0.012345679012345678,1.0
f__pymfe.statistical.min.histogram.0,63,83,0.44091009795055264,0.38159640285212726,0.16407925255298353,0.16407925255298353,0.13941480206540446,0.4378326353382262,0.17526118228757487,0,1,0.012048192771084338,0.8790429633980655
f__pymfe.landmarking.worst_node.min,63,83,0.34627441849985313,0.37624321559212454,-0.16380129721026435,0.16380129721026435,0.09409064830751578,0.8691712777952083,0.18089897793895665,1,3,0.04819277108433735,1.0
f__pymfe.landmarking.worst_node.quantiles.0,63,83,0.34627441849985313,0.37624321559212454,-0.16380129721026435,0.16380129721026435,0.09409064830751578,0.8691712777952083,0.18089897793895665,1,3,0.04819277108433735,1.0
f__pymfe.relative.worst_node.min,63,83,0.34627441849985313,0.37624321559212454,-0.16380129721026435,0.16380129721026435,0.09409064830751578,0.8691712777952083,0.18089897793895665,1,3,0.04819277108433735,1.0
f__pymfe.relative.worst_node.quantiles.0,63,83,0.34627441849985313,0.37624321559212454,-0.16380129721026435,0.16380129721026435,0.09409064830751578,0.8691712777952083,0.18089897793895665,1,3,0.04819277108433735,1.0
f__pymfe.model-based.var_importance.histogram.2,63,83,0.06861592425795764,0.05490200168787667,0.16372691690315314,0.16372691690315314,0.1803404092560719,0.1673134665180922,0.24070315058980776,0,2,0.024096385542168676,0.6704893681372834
f__pymfe.model-based.leaves_branch.max,63,83,21.285714285714285,25.656626506024097,-0.16363512445162415,0.16363512445162415,0.1409447313061771,0.42585059538550646,0.23440463305016648,5,2,0.08433734939759036,0.8718243989820778
f__pymfe.model-based.leaves_branch.quantiles.4,63,83,21.285714285714285,25.656626506024097,-0.16363512445162415,0.16363512445162415,0.1409447313061771,0.42585059538550646,0.23440463305016648,5,2,0.08433734939759036,0.8718243989820778
f__pymfe.model-based.nodes_per_level.count,63,83,21.285714285714285,25.656626506024097,-0.16363512445162415,0.16363512445162415,0.1409447313061771,0.42585059538550646,0.23440463305016648,5,2,0.08433734939759036,0.8718243989820778
f__pymfe.model-based.tree_depth.max,63,83,21.285714285714285,25.656626506024097,-0.16363512445162415,0.16363512445162415,0.1409447313061771,0.42585059538550646,0.23440463305016648,5,2,0.08433734939759036,0.8718243989820778
f__pymfe.model-based.tree_depth.quantiles.4,63,83,21.285714285714285,25.656626506024097,-0.16363512445162415,0.16363512445162415,0.1409447313061771,0.42585059538550646,0.23440463305016648,5,2,0.08433734939759036,0.8718243989820778
f__pymfe.model-based.tree_depth.range,63,83,21.285714285714285,25.656626506024097,-0.16363512445162415,0.16363512445162415,0.1409447313061771,0.42585059538550646,0.23440463305016648,5,2,0.08433734939759036,0.8718243989820778
f__pymfe.model-based.leaves_corrob.kurtosis,63,83,235.051533680467,464.5397077831711,-0.16341716976094972,0.16341716976094972,0.21304264677758653,0.06403676480404819,0.1767358670413258,7,2,0.10843373493975904,0.43969265524366724
f__pymfe.statistical.h_mean.iq_range,47,50,34.515365678903414,51.772236990969574,-0.16300855340360562,0.16300855340360562,0.2531914893617021,0.07082634988573175,0.2465139553604618,0,0,0.0,0.4634066892523591
f__pymfe.model-based.leaves_homo.histogram.0,63,83,0.8045962750054371,0.7614953894760522,0.16290955945923508,0.16290955945923508,0.14687320711417096,0.37529440802825564,0.22583802360036018,7,1,0.0963855421686747,0.8718243989820778
f__pymfe.statistical.kurtosis.histogram.3,60,72,0.05166354465431215,0.03999898502023977,0.16265973024345232,0.16265973024345232,0.11666666666666667,0.7189684619361718,0.1695252311206179,0,0,0.0,1.0
f__pymfe.info-theory.attr_conc.count,71,100,25.633802816901408,33.78,-0.16232308892848568,0.16232308892848568,0.17422535211267606,0.13908140100003602,0.16227822334591044,0,0,0.0,0.6101435091557308
f__pymfe.model-based.tree_imbalance.skewness,63,82,1.2188595421008852,1.3960777932957396,-0.16229995260886373,0.16229995260886373,0.1262098335269067,0.5659641835302143,0.18052289035154256,1,1,0.024390243902439025,0.9610599430073448
f__pymfe.landmarking.best_node.count,71,100,8.873239436619718,8.3,0.16181675907022328,0.16181675907022328,0.057323943661971834,0.9972777221487124,0.161775274037406,0,0,0.0,1.0
f__pymfe.landmarking.elite_nn.count,71,100,8.873239436619718,8.3,0.16181675907022328,0.16181675907022328,0.057323943661971834,0.9972777221487124,0.161775274037406,0,0,0.0,1.0
f__pymfe.landmarking.linear_discr.count,71,100,8.873239436619718,8.3,0.16181675907022328,0.16181675907022328,0.057323943661971834,0.9972777221487124,0.161775274037406,0,0,0.0,1.0
f__pymfe.landmarking.naive_bayes.count,71,100,8.873239436619718,8.3,0.16181675907022328,0.16181675907022328,0.057323943661971834,0.9972777221487124,0.161775274037406,0,0,0.0,1.0
f__pymfe.landmarking.one_nn.count,71,100,8.873239436619718,8.3,0.16181675907022328,0.16181675907022328,0.057323943661971834,0.9972777221487124,0.161775274037406,0,0,0.0,1.0
f__pymfe.landmarking.random_node.count,71,100,8.873239436619718,8.3,0.16181675907022328,0.16181675907022328,0.057323943661971834,0.9972777221487124,0.161775274037406,0,0,0.0,1.0
f__pymfe.landmarking.worst_node.count,71,100,8.873239436619718,8.3,0.16181675907022328,0.16181675907022328,0.057323943661971834,0.9972777221487124,0.161775274037406,0,0,0.0,1.0
f__pymfe.relative.best_node.count,71,100,8.873239436619718,8.3,0.16181675907022328,0.16181675907022328,0.057323943661971834,0.9972777221487124,0.161775274037406,0,0,0.0,1.0
f__pymfe.relative.elite_nn.count,71,100,8.873239436619718,8.3,0.16181675907022328,0.16181675907022328,0.057323943661971834,0.9972777221487124,0.161775274037406,0,0,0.0,1.0
f__pymfe.relative.linear_discr.count,71,100,8.873239436619718,8.3,0.16181675907022328,0.16181675907022328,0.057323943661971834,0.9972777221487124,0.161775274037406,0,0,0.0,1.0
f__pymfe.relative.naive_bayes.count,71,100,8.873239436619718,8.3,0.16181675907022328,0.16181675907022328,0.057323943661971834,0.9972777221487124,0.161775274037406,0,0,0.0,1.0
f__pymfe.relative.one_nn.count,71,100,8.873239436619718,8.3,0.16181675907022328,0.16181675907022328,0.057323943661971834,0.9972777221487124,0.161775274037406,0,0,0.0,1.0
f__pymfe.relative.random_node.count,71,100,8.873239436619718,8.3,0.16181675907022328,0.16181675907022328,0.057323943661971834,0.9972777221487124,0.161775274037406,0,0,0.0,1.0
f__pymfe.relative.worst_node.count,71,100,8.873239436619718,8.3,0.16181675907022328,0.16181675907022328,0.057323943661971834,0.9972777221487124,0.161775274037406,0,0,0.0,1.0
f__pymfe.statistical.cov.min,62,80,0.9552531598899707,4209566.482338524,-0.16175088645170604,0.16175088645170604,0.21895161290322582,0.05802936356549014,0.16180030922872138,0,10,0.125,0.4292700081923599
f__pymfe.statistical.cov.quantiles.0,62,80,0.9552531598899707,4209566.482338524,-0.16175088645170604,0.16175088645170604,0.21895161290322582,0.05802936356549014,0.16180030922872138,0,10,0.125,0.4292700081923599
f__pymfe.landmarking.naive_bayes.histogram.1.relative,71,100,4.221830985915493,4.0575,0.16129332910188163,0.16129332910188163,0.12352112676056339,0.5002796933307677,0.18440530829346707,1,1,0.02,0.9175610393698177
f__pymfe.relative.naive_bayes.histogram.1.relative,71,100,4.221830985915493,4.0575,0.16129332910188163,0.16129332910188163,0.12352112676056339,0.5002796933307677,0.18440530829346707,1,1,0.02,0.9175610393698177
f__pymfe.landmarking.one_nn.sd.relative,71,100,4.633802816901408,4.86,-0.16101648327475293,0.16101648327475293,0.10211267605633803,0.7289844152850506,0.19786741743116207,0,0,0.0,1.0
f__pymfe.relative.one_nn.sd.relative,71,100,4.633802816901408,4.86,-0.16101648327475293,0.16101648327475293,0.10211267605633803,0.7289844152850506,0.19786741743116207,0,0,0.0,1.0
f__pymfe.statistical.iq_range.iq_range,63,83,31.792566014024974,42180.548239620344,-0.16063067034115505,0.16063067034115505,0.11837827500478103,0.6401314961762389,0.16067380044700738,0,7,0.08433734939759036,0.979132431651251
f__pymfe.statistical.mad.histogram.4,63,83,0.03765114816396995,0.04964945498368357,-0.1603590822329318,0.1603590822329318,0.1013578122011857,0.8083789139638764,0.18660349212466742,0,0,0.0,1.0
f__pymfe.model-based.leaves_corrob.range,63,83,0.176050353098643,0.20569963398826277,-0.16025359481547993,0.16025359481547993,0.15031554790590934,0.34778198981846115,0.2337560603049525,1,0,0.012048192771084338,0.8396001952996885
f__pymfe.model-based.tree_depth.iq_range,63,83,5.0396825396825395,6.490963855421687,-0.16017596737060852,0.16017596737060852,0.15796519410977242,0.29264082072268305,0.1802464085990409,4,1,0.060240963855421686,0.8037317757243894
f__pymfe.statistical.mad.histogram.3,63,83,0.052881148870296615,0.040810598398222576,0.1599738484053023,0.1599738484053023,0.10441767068273092,0.7803335803466958,0.1817998852196286,0,0,0.0,1.0
f__pymfe.landmarking.best_node.kurtosis,52,72,-0.7336709459319499,-0.9059489714343513,0.1592868891097865,0.1592868891097865,0.1388888888888889,0.5488774222795375,0.16375598260725294,3,0,0.041666666666666664,0.9500604458767637
f__pymfe.relative.best_node.kurtosis,52,72,-0.7336709459319499,-0.9059489714343513,0.1592868891097865,0.1592868891097865,0.1388888888888889,0.5488774222795375,0.16375598260725294,3,0,0.041666666666666664,0.9500604458767637
f__pymfe.statistical.median.median,63,83,22.86823014664011,1105.8921494583235,-0.1588744094021235,0.1588744094021235,0.14802065404475043,0.3666547924396232,0.1590687956865637,1,4,0.060240963855421686,0.8605382610259384
f__pymfe.statistical.median.quantiles.2,63,83,22.86823014664011,1105.8921494583235,-0.1588744094021235,0.1588744094021235,0.14802065404475043,0.3666547924396232,0.1590687956865637,1,4,0.060240963855421686,0.8605382610259384
f__pymfe.statistical.t_mean.histogram.0,63,83,0.49357550965541974,0.44295659329992876,0.1585437544672286,0.1585437544672286,0.1384585962899216,0.44544802834175967,0.1737194250422616,0,0,0.0,0.8815943783756098
f__pymfe.statistical.cov.kurtosis,61,77,343.46967432380245,178.51087591159916,0.15833433261178473,0.15833433261178473,0.14243133915265063,0.44167160423445306,0.1881602860826418,0,0,0.0,0.8790429633980655
f__pymfe.model-based.var_importance.histogram.8,63,83,0.006493268465437468,0.011188581151849923,-0.15766431613468196,0.15766431613468196,0.06942053930005737,0.9881683180740474,0.17690865660652785,0,1,0.012048192771084338,1.0
f__pymfe.general.freq_class.histogram.6,71,100,0.026932105453232213,0.015317460317460316,0.1573244766784376,0.1573244766784376,0.044507042253521124,0.999967313941749,0.16112695562706997,0,0,0.0,1.0
f__pymfe.info-theory.class_conc.histogram.4,23,51,0.11648962565807197,0.08046788260164078,0.15681607469654696,0.15681607469654696,0.09207161125319693,0.9962259399991377,0.1881985934075441,0,0,0.0,1.0
f__pymfe.statistical.var.quantiles.3,63,83,678428.6757983384,443916667113.73785,-0.15678089343202975,0.15678089343202975,0.14209217823675654,0.41462216120796375,0.1568456227622148,0,4,0.04819277108433735,0.8718243989820778
f__pymfe.statistical.var.iq_range,63,83,678264.2159119451,443869858319.6288,-0.15676462207084735,0.15676462207084735,0.12105565117613311,0.6143246983872184,0.15682944358071252,0,2,0.024096385542168676,0.9743956899086752
f__pymfe.statistical.w_lambda,63,83,0.4182845671745816,0.4724455138165828,-0.15662002803885877,0.15662002803885877,0.19315356664754255,0.11670934514531207,0.2262060193634777,2,1,0.03614457831325301,0.5486365990262031
f__pymfe.landmarking.linear_discr.histogram.4.relative,71,100,4.26056338028169,4.085,0.15607770079265257,0.15607770079265257,0.12478873239436619,0.4880976849828974,0.22036703081915196,2,0,0.02,0.9035730446189363
f__pymfe.relative.linear_discr.histogram.4.relative,71,100,4.26056338028169,4.085,0.15607770079265257,0.15607770079265257,0.12478873239436619,0.4880976849828974,0.22036703081915196,2,0,0.02,0.9035730446189363
f__pymfe.statistical.t_mean.quantiles.1,63,83,14.333825405948888,1073.7118730020138,-0.15595054376545284,0.15595054376545284,0.17096959265633965,0.21363603106648726,0.15636774757978492,3,3,0.07228915662650602,0.7301888226003818
f__pymfe.statistical.iq_range.quantiles.1,63,83,4.84706376017879,1063.0182995067812,-0.15593624212574608,0.15593624212574608,0.15777395295467583,0.2938158581250731,0.1560265416439224,0,5,0.060240963855421686,0.8037317757243894
f__pymfe.landmarking.elite_nn.histogram.6,63,83,0.0722222222222222,0.0644578313253012,0.1549568454074865,0.1549568454074865,0.09485561292790208,0.8625612123830656,0.16495985775768124,0,0,0.0,1.0
f__pymfe.relative.elite_nn.histogram.6,63,83,0.0722222222222222,0.0644578313253012,0.1549568454074865,0.1549568454074865,0.09485561292790208,0.8625612123830656,0.16495985775768124,0,0,0.0,1.0
f__pymfe.statistical.iq_range.min,63,83,2.548729690081248,1051.8797593702348,-0.1548685853692008,0.1548685853692008,0.14132721361637024,0.4215334538944164,0.1549460003107959,0,4,0.04819277108433735,0.8718243989820778
f__pymfe.statistical.iq_range.quantiles.0,63,83,2.548729690081248,1051.8797593702348,-0.1548685853692008,0.1548685853692008,0.14132721361637024,0.4215334538944164,0.1549460003107959,0,4,0.04819277108433735,0.8718243989820778
f__pymfe.model-based.nodes_per_level.histogram.0,63,83,0.29423440440294235,0.31323171753774837,-0.154771183921787,0.154771183921787,0.19889080130043985,0.09940044332491489,0.32665358855707466,2,0,0.024096385542168676,0.5226938447064451
f__pymfe.statistical.mean.histogram.6,63,83,0.04623788956367094,0.03619041884562918,0.1545821085753982,0.1545821085753982,0.08586727863836298,0.9260109990866143,0.1547991962218871,0,0,0.0,1.0
f__pymfe.landmarking.best_node.min,63,83,0.4230424714996314,0.4561974722219674,-0.15405792001162505,0.15405792001162505,0.14113597246127366,0.42346978496462934,0.18996213381614707,2,2,0.04819277108433735,0.8718243989820778
f__pymfe.landmarking.best_node.quantiles.0,63,83,0.4230424714996314,0.4561974722219674,-0.15405792001162505,0.15405792001162505,0.14113597246127366,0.42346978496462934,0.18996213381614707,2,2,0.04819277108433735,0.8718243989820778
f__pymfe.relative.best_node.min,63,83,0.4230424714996314,0.4561974722219674,-0.15405792001162505,0.15405792001162505,0.14113597246127366,0.42346978496462934,0.18996213381614707,2,2,0.04819277108433735,0.8718243989820778
f__pymfe.relative.best_node.quantiles.0,63,83,0.4230424714996314,0.4561974722219674,-0.15405792001162505,0.15405792001162505,0.14113597246127366,0.42346978496462934,0.18996213381614707,2,2,0.04819277108433735,0.8718243989820778
f__pymfe.statistical.t_mean.min,63,83,9.830025053403638,1054.7411717146792,-0.15398387881728265,0.15398387881728265,0.11512717536813923,0.673362664657075,0.15542683932321708,6,3,0.10843373493975904,1.0
f__pymfe.statistical.t_mean.quantiles.0,63,83,9.830025053403638,1054.7411717146792,-0.15398387881728265,0.15398387881728265,0.11512717536813923,0.673362664657075,0.15542683932321708,6,3,0.10843373493975904,1.0
f__pymfe.statistical.median.quantiles.1,63,83,14.191608721188791,1059.7958417446016,-0.15386812681857778,0.15386812681857778,0.13482501434308664,0.4794849659464218,0.15429576455193575,3,2,0.060240963855421686,0.9010719817258079
f__pymfe.statistical.eigenvalues.quantiles.1,62,80,34.141735333714394,17848050.673717424,-0.15373530820432527,0.15373530820432527,0.2064516129032258,0.08537573721110928,0.15383050273494955,1,5,0.075,0.5007184201030548
f__pymfe.statistical.kurtosis.quantiles.1,60,72,6.868103545084969,40.638391177899265,-0.1536942907156438,0.1536942907156438,0.13333333333333333,0.5587617585262012,0.168681963194088,0,2,0.027777777777777776,0.9548988261380603
f__pymfe.statistical.cov.histogram.5,62,80,0.027277630674202274,0.05291108560159232,-0.15280259867706877,0.15280259867706877,0.1588709677419355,0.2994614271675857,0.15883482149720757,0,0,0.0,0.812244784686362
f__pymfe.general.freq_class.mean,71,100,0.331651173552582,0.35887642678958465,-0.15267369738522596,0.15267369738522596,0.08704225352112677,0.8757048416410067,0.18236731544401066,1,0,0.01,1.0
f__pymfe.statistical.sparsity.min,71,100,0.05430003267600752,0.038741571902066986,0.15266961190844974,0.15266961190844974,0.14563380281690141,0.30370049241419944,0.1721440413660681,0,0,0.0,0.8154638012394668
f__pymfe.statistical.sparsity.quantiles.0,71,100,0.05430003267600752,0.038741571902066986,0.15266961190844974,0.15266961190844974,0.14563380281690141,0.30370049241419944,0.1721440413660681,0,0,0.0,0.8154638012394668
f__pymfe.statistical.cov.sd,61,77,2753244966.750078,1.1763556493691225e+21,-0.1524464430239987,0.1524464430239987,0.10304449648711944,0.8142366140505624,0.15256285880475137,0,2,0.025974025974025976,1.0
f__pymfe.landmarking.worst_node.histogram.9,63,83,0.11904761904761904,0.14216867469879518,-0.1523970127707055,0.1523970127707055,0.06846433352457448,0.9898761392667658,0.16169262668473802,0,2,0.024096385542168676,1.0
f__pymfe.relative.worst_node.histogram.9,63,83,0.11904761904761904,0.14216867469879518,-0.1523970127707055,0.1523970127707055,0.06846433352457448,0.9898761392667658,0.16169262668473802,0,2,0.024096385542168676,1.0
f__pymfe.landmarking.best_node.histogram.4,63,83,0.0507936507936508,0.061445783132530116,-0.15233675174643974,0.15233675174643974,0.0856760374832664,0.9272866874290545,0.1578986193776405,0,1,0.012048192771084338,1.0
f__pymfe.relative.best_node.histogram.4,63,83,0.0507936507936508,0.061445783132530116,-0.15233675174643974,0.15233675174643974,0.0856760374832664,0.9272866874290545,0.1578986193776405,0,1,0.012048192771084338,1.0
f__pymfe.statistical.median.min,63,83,9.60022078279452,1041.1431127555832,-0.15198673578712033,0.15198673578712033,0.1128322815069803,0.6976840371374713,0.1534594760219513,6,2,0.0963855421686747,1.0
f__pymfe.statistical.median.quantiles.0,63,83,9.60022078279452,1041.1431127555832,-0.15198673578712033,0.15198673578712033,0.1128322815069803,0.6976840371374713,0.1534594760219513,6,2,0.0963855421686747,1.0
f__pymfe.landmarking.worst_node.histogram.1,63,83,0.026190476190476195,0.019277108433734938,0.1518590529119686,0.1518590529119686,0.05526869382291069,0.9994104857735439,0.1519502832416208,0,0,0.0,1.0
f__pymfe.relative.worst_node.histogram.1,63,83,0.026190476190476195,0.019277108433734938,0.1518590529119686,0.1518590529119686,0.05526869382291069,0.9994104857735439,0.1519502832416208,0,0,0.0,1.0
f__pymfe.statistical.median.histogram.0,63,83,0.5043075885276486,0.45534299709923753,0.151382890487607,0.151382890487607,0.16198125836680052,0.2655468254042794,0.18923899661135893,0,0,0.0,0.7956477778001119
f__pymfe.model-based.var_importance.histogram.5,63,83,0.03693791719538663,0.062273332371602014,-0.15137698143506756,0.15137698143506756,0.09504685408299866,0.8607580523300318,0.1554356242964617,0,0,0.0,1.0
f__pymfe.model-based.nodes_repeated.histogram.5,63,83,0.08135206918934301,0.11114635492463948,-0.15106581855096377,0.15106581855096377,0.2197360872059667,0.05194738553126427,0.2783052671506777,0,0,0.0,0.4184505477719428
f__pymfe.statistical.mad.median,63,83,6.8903101013136725,766.3168484173096,-0.15058649807017133,0.15058649807017133,0.14629948364888123,0.3796314324042333,0.15068453733785653,0,8,0.0963855421686747,0.8718243989820778
f__pymfe.statistical.mad.quantiles.2,63,83,6.8903101013136725,766.3168484173096,-0.15058649807017133,0.15058649807017133,0.14629948364888123,0.3796314324042333,0.15068453733785653,0,8,0.0963855421686747,0.8718243989820778
f__pymfe.statistical.skewness.max,60,72,13.986013027386582,19.817841538162497,-0.1504858885405549,0.1504858885405549,0.15833333333333333,0.34681852273629143,0.2230388644660597,0,1,0.013888888888888888,0.8396001952996885
f__pymfe.statistical.skewness.quantiles.4,60,72,13.986013027386582,19.817841538162497,-0.1504858885405549,0.1504858885405549,0.15833333333333333,0.34681852273629143,0.2230388644660597,0,1,0.013888888888888888,0.8396001952996885
f__pymfe.landmarking.random_node.quantiles.1,63,83,0.38933573319008397,0.4198921702184197,-0.1504438938749572,0.1504438938749572,0.1367374258940524,0.46274082535997035,0.1967945056347405,2,1,0.03614457831325301,0.8915547392452313
f__pymfe.relative.random_node.quantiles.1,63,83,0.38933573319008397,0.4198921702184197,-0.1504438938749572,0.1504438938749572,0.1367374258940524,0.46274082535997035,0.1967945056347405,2,1,0.03614457831325301,0.8915547392452313
f__pymfe.statistical.eigenvalues.quantiles.3,62,80,685352.2397278943,429846831544.8676,-0.15006999099264182,0.15006999099264182,0.16733870967741934,0.24609487649530998,0.15018365748160506,0,3,0.0375,0.7889801740439638
f__pymfe.statistical.eigenvalues.iq_range,62,80,685318.4044900237,429828968950.6324,-0.15006367659343547,0.15006367659343547,0.16733870967741934,0.24609487649530998,0.15017737360609257,0,3,0.0375,0.7889801740439638
f__pymfe.statistical.var.median,63,83,1712.7266228385542,1021768961.0080936,-0.15002120082137999,0.15002120082137999,0.16446739338305602,0.251122031243292,0.15012162599722817,0,5,0.060240963855421686,0.7896999803095746
f__pymfe.statistical.var.quantiles.2,63,83,1712.7266228385542,1021768961.0080936,-0.15002120082137999,0.15002120082137999,0.16446739338305602,0.251122031243292,0.15012162599722817,0,5,0.060240963855421686,0.7896999803095746
f__pymfe.model-based.tree_imbalance.kurtosis,63,82,0.6595423632268392,2.377282942852799,-0.14999295299380708,0.14999295299380708,0.11149825783972125,0.7135536669788732,0.16182176555593417,4,1,0.06097560975609756,1.0
f__pymfe.landmarking.naive_bayes.histogram.3,63,83,0.08174603174603173,0.07409638554216867,0.14924360124050712,0.14924360124050712,0.07840887358959649,0.9626274159625534,0.20348638278622544,0,0,0.0,1.0
f__pymfe.relative.naive_bayes.histogram.3,63,83,0.08174603174603173,0.07409638554216867,0.14924360124050712,0.14924360124050712,0.07840887358959649,0.9626274159625534,0.20348638278622544,0,0,0.0,1.0
f__pymfe.model-based.leaves_branch.histogram.5,63,83,0.15173965782380605,0.13734088011232481,0.149153028613165,0.149153028613165,0.2646777586536623,0.010292186583110723,0.3341032321142756,0,1,0.012048192771084338,0.18537500104187063
f__pymfe.statistical.var.histogram.1,63,83,0.07478877228876422,0.09287776187604567,-0.14896028188221008,0.14896028188221008,0.20386307133295084,0.0855680271543401,0.17318794649143118,0,3,0.03614457831325301,0.5007184201030548
f__pymfe.model-based.tree_imbalance.histogram.0,63,83,0.5548168268828964,0.5800620014334976,-0.14889490137510022,0.14889490137510022,0.16121629374641422,0.27153213401170906,0.20352756408419012,1,1,0.024096385542168676,0.803073820702527
f__pymfe.statistical.cov.quantiles.3,62,80,1820.6770531601585,1562023693318995.5,-0.1488352856572258,0.1488352856572258,0.09637096774193549,0.8605898636653571,0.14895483662114908,0,7,0.0875,1.0
f__pymfe.statistical.cov.iq_range,62,80,1797.5227387934208,1562023688180502.5,-0.14883528516156155,0.14883528516156155,0.09637096774193549,0.8605898636653571,0.14895483612781318,0,7,0.0875,1.0
f__pymfe.statistical.cov.max,62,80,50717743034.18258,3.58046789709372e+21,-0.148835140261905,0.148835140261905,0.11169354838709677,0.7228919059731064,0.14895469190885083,0,2,0.025,1.0
f__pymfe.statistical.cov.quantiles.4,62,80,50717743034.18258,3.58046789709372e+21,-0.148835140261905,0.148835140261905,0.11169354838709677,0.7228919059731064,0.14895469190885083,0,2,0.025,1.0
f__pymfe.statistical.cov.range,62,80,50717743033.24438,3.580467897093716e+21,-0.1488351402619048,0.1488351402619048,0.11975806451612903,0.6410654657310257,0.1489546919088508,0,2,0.025,0.9796262550684789
f__pymfe.statistical.min.sd,62,80,299.6244157523704,2696904318695.0317,-0.14883513951779156,0.14883513951779156,0.2770161290322581,0.007207811288697406,0.1489546911682235,0,3,0.0375,0.15202791441818345
f__pymfe.statistical.range.sd,62,80,247023.52604496255,1.030853093523663e+17,-0.14883513946958155,0.14883513946958155,0.17943548387096775,0.1817553740839023,0.14895469112032841,0,2,0.025,0.6967497765765257
f__pymfe.statistical.max.sd,62,80,247206.39018154467,1.030880062566833e+17,-0.1488351394695805,0.1488351394695805,0.17459677419354838,0.20553415679090803,0.14895469112032797,0,2,0.025,0.7209436615663579
f__pymfe.statistical.cov.mean,62,80,145904183.47811633,3.580497650833559e+20,-0.14883513945854127,0.14883513945854127,0.10443548387096774,0.7924004530239334,0.1489546911092515,0,2,0.025,1.0
f__pymfe.statistical.sd.sd,62,80,12498.736857980562,2.787558467581343e+16,-0.14883513945087468,0.14883513945087468,0.1314516129032258,0.5278712126763446,0.14895469110164383,0,2,0.025,0.9443945914287728
f__pymfe.statistical.mean.sd,62,80,9067.020068100037,5.3911767682594024e+16,-0.14883513944783064,0.14883513944783064,0.1282258064516129,0.5578799234961423,0.14895469109859216,0,2,0.025,0.9544093034837953
f__pymfe.statistical.iq_range.sd,62,80,8432.377181329348,4.959410154073127e+16,-0.14883513944691637,0.14883513944691637,0.12782258064516128,0.5628302846920281,0.14895469109768136,0,2,0.025,0.9567517988985378
f__pymfe.statistical.mad.sd,62,80,5972.872622199009,3.307670140116914e+16,-0.14883513944691612,0.14883513944691612,0.09556451612903226,0.8679539705685564,0.14895469109768114,0,2,0.025,1.0
f__pymfe.statistical.t_mean.sd,62,80,6966.7967359694085,5.608607661749015e+16,-0.1488351394469088,0.1488351394469088,0.12338709677419354,0.6049535948640966,0.14895469109767387,1,2,0.0375,0.9743956899086752
f__pymfe.statistical.median.sd,62,80,6677.780286855564,5.785528859088629e+16,-0.14883513944690216,0.14883513944690216,0.12338709677419354,0.6049535948640966,0.14895469109766718,0,2,0.025,0.9743956899086752
f__pymfe.statistical.eigenvalues.sd,62,80,20778064475.929657,1.3900261177718302e+35,-0.14883513944689683,0.14883513944689683,0.12661290322580646,0.5734990988177634,0.14895469109766174,0,2,0.025,0.9677042688472365
f__pymfe.statistical.var.sd,62,80,14826380669.20238,1.3900261177718299e+35,-0.1488351394468968,0.1488351394468968,0.12298387096774194,0.6094008155729769,0.1489546910976617,0,2,0.025,0.9743956899086752
f__pymfe.statistical.eigenvalues.max,62,80,107642493890.06862,3.108192889837941e+35,-0.14883513944689675,0.14883513944689675,0.1282258064516129,0.5578799234961423,0.1489546910976618,0,2,0.025,0.9544093034837953
f__pymfe.statistical.eigenvalues.quantiles.4,62,80,107642493890.06862,3.108192889837941e+35,-0.14883513944689675,0.14883513944689675,0.1282258064516129,0.5578799234961423,0.1489546910976618,0,2,0.025,0.9544093034837953
f__pymfe.statistical.eigenvalues.mean,62,80,4185769540.2033825,6.2163857796758815e+34,-0.14883513944689675,0.14883513944689675,0.12217741935483871,0.6190252500305058,0.14895469109766174,0,2,0.025,0.9743956899086752
f__pymfe.statistical.eigenvalues.range,62,80,107642493887.19287,3.108192889837941e+35,-0.14883513944689675,0.14883513944689675,0.1157258064516129,0.6819740534152563,0.1489546910976618,0,2,0.025,1.0
f__pymfe.statistical.cor.histogram.0,59,70,0.33609839361174615,0.37250129171759006,-0.1484081695784229,0.1484081695784229,0.10193704600484262,0.8482217633571509,0.19870192003210044,0,0,0.0,1.0
f__pymfe.general.freq_class.range,71,100,0.28365985028046,0.3249735391902109,-0.14833954810038377,0.14833954810038377,0.19211267605633803,0.07895956031761525,0.16981766403850987,0,4,0.04,0.49249873614450296
f__pymfe.statistical.t_mean.histogram.5,63,83,0.06318215716085314,0.09110862108787525,-0.14823278856900182,0.14823278856900182,0.12162937464142283,0.6081158824691675,0.20979058669007256,0,0,0.0,0.9743956899086752
f__pymfe.statistical.skewness.min,60,72,-1.926052894806983,-3.6632302639696213,0.14786170675774438,0.14786170675774438,0.09166666666666666,0.9210200629434606,0.17049371214222303,2,2,0.05555555555555555,1.0
f__pymfe.statistical.skewness.quantiles.0,60,72,-1.926052894806983,-3.6632302639696213,0.14786170675774438,0.14786170675774438,0.09166666666666666,0.9210200629434606,0.17049371214222303,2,2,0.05555555555555555,1.0
f__pymfe.statistical.range.median,63,83,142.44801701699012,285883.1152455847,-0.14781017743139968,0.14781017743139968,0.1573914706444827,0.29698317851581274,0.14792117421927664,2,5,0.08433734939759036,0.8096327128585847
f__pymfe.statistical.range.quantiles.2,63,83,142.44801701699012,285883.1152455847,-0.14781017743139968,0.14781017743139968,0.1573914706444827,0.29698317851581274,0.14792117421927664,2,5,0.08433734939759036,0.8096327128585847
f__pymfe.statistical.max.median,63,83,152.8305649563441,285872.739872534,-0.14779935745296202,0.14779935745296202,0.13884107860011474,0.44253753678243224,0.14791065903530354,1,5,0.07228915662650602,0.8790429633980655
f__pymfe.statistical.max.quantiles.2,63,83,152.8305649563441,285872.739872534,-0.14779935745296202,0.14779935745296202,0.13884107860011474,0.44253753678243224,0.14791065903530354,1,5,0.07228915662650602,0.8790429633980655
f__pymfe.statistical.mad.quantiles.1,63,83,3.257599516388441,744.6394114974139,-0.14759036020074157,0.14759036020074157,0.17976668579078217,0.1699594715501999,0.14770728450209217,0,4,0.04819277108433735,0.6727037849258529
f__pymfe.model-based.nodes_repeated.range,63,83,161.4920634920635,284.60843373493975,-0.14745133310429773,0.14745133310429773,0.15834767641996558,0.2900600879863706,0.1567512169829577,0,1,0.012048192771084338,0.8037317757243894
f__pymfe.statistical.h_mean.histogram.4,47,50,0.025037161221371743,0.036587343394619436,-0.14717706612600404,0.14717706612600404,0.09361702127659574,0.9627661187835647,0.15281319637157045,0,2,0.04,1.0
f__pymfe.statistical.cov.histogram.6,62,80,0.010910182890900249,0.017364790338304813,-0.14715073218439575,0.14715073218439575,0.15161290322580645,0.35219819262604773,0.17819801255906367,0,2,0.025,0.8454906657019955
f__pymfe.statistical.cor.histogram.5,59,70,0.07027089673679467,0.09634146842099114,-0.14690283461854267,0.14690283461854267,0.13317191283292978,0.5623157563808205,0.18764805989929967,0,0,0.0,0.9567517988985378
f__pymfe.info-theory.attr_ent.histogram.4,23,51,0.048856299790438824,0.062445633111465726,-0.1468773370081022,0.1468773370081022,0.12446717817561807,0.9325070622124838,0.21344395894277038,0,4,0.0784313725490196,1.0
f__pymfe.statistical.mad.min,63,83,1.7212416942958921,738.2957007602653,-0.14682524851762765,0.14682524851762765,0.1451520367183018,0.389152883619425,0.14694077476735215,0,2,0.024096385542168676,0.8718243989820778
f__pymfe.statistical.mad.quantiles.0,63,83,1.7212416942958921,738.2957007602653,-0.14682524851762765,0.14682524851762765,0.1451520367183018,0.389152883619425,0.14694077476735215,0,2,0.024096385542168676,0.8718243989820778
f__pymfe.landmarking.best_node.mean.relative,71,100,3.2640845070422535,3.5075,-0.1466009964628423,0.1466009964628423,0.1415492957746479,0.33553895301609143,0.2146147970544858,0,0,0.0,0.8257740862553441
f__pymfe.relative.best_node.mean.relative,71,100,3.2640845070422535,3.5075,-0.1466009964628423,0.1466009964628423,0.1415492957746479,0.33553895301609143,0.2146147970544858,0,0,0.0,0.8257740862553441
f__pymfe.model-based.tree_imbalance.histogram.8,63,83,0.010323499561674587,0.014152115203026675,-0.14657739048040905,0.14657739048040905,0.07898259705488621,0.9601395566665314,0.1503420524673856,0,1,0.012048192771084338,1.0
f__pymfe.model-based.leaves_homo.quantiles.1,63,83,7485592.943731011,3078500616302886.0,-0.14545721794685276,0.14545721794685276,0.18244406196213425,0.15813930206136745,0.1455788682242536,8,3,0.13253012048192772,0.6456891996716444
f__pymfe.statistical.min.range,63,83,1054.1460267135833,5812492914477.645,-0.14545721725475322,0.14545721725475322,0.2707974756167527,0.00806511269452713,0.14557886753514732,0,5,0.060240963855421686,0.16574840576060243
f__pymfe.statistical.min.max,63,83,923.078178985748,5812492913302.512,-0.14545721722826693,0.14545721722826693,0.20883534136546184,0.07342598501797562,0.14557886751123653,2,2,0.04819277108433735,0.472698208770341
f__pymfe.statistical.min.quantiles.4,63,83,923.078178985748,5812492913302.512,-0.14545721722826693,0.14545721722826693,0.20883534136546184,0.07342598501797562,0.14557886751123653,2,2,0.04819277108433735,0.472698208770341
f__pymfe.statistical.range.max,63,83,1061080.9115486497,2.221742257986199e+17,-0.1454572169377743,0.1454572169377743,0.15203671830177853,0.33491301961367953,0.14557886721971258,0,2,0.024096385542168676,0.8257740862553441
f__pymfe.statistical.range.quantiles.4,63,83,1061080.9115486497,2.221742257986199e+17,-0.1454572169377743,0.1454572169377743,0.15203671830177853,0.33491301961367953,0.14557886721971258,0,2,0.024096385542168676,0.8257740862553441
f__pymfe.statistical.range.range,63,83,1061066.9383717044,2.2217422579861658e+17,-0.1454572169377721,0.1454572169377721,0.14553451902849493,0.38593150390293096,0.14557886721971197,0,2,0.024096385542168676,0.8718243989820778
f__pymfe.statistical.max.max,63,83,1061827.472921732,2.221800382915173e+17,-0.1454572169377715,0.1454572169377715,0.19583094281889463,0.10824707285906889,0.14557886721971086,0,2,0.024096385542168676,0.5372138012169889
f__pymfe.statistical.max.quantiles.4,63,83,1061827.472921732,2.221800382915173e+17,-0.1454572169377715,0.1454572169377715,0.19583094281889463,0.10824707285906889,0.14557886721971086,0,2,0.024096385542168676,0.5372138012169889
f__pymfe.statistical.max.range,63,83,1061806.1083684713,2.2218003829151392e+17,-0.14545721693776928,0.14545721693776928,0.16733601070950468,0.23350494042710157,0.14557886721971058,0,2,0.024096385542168676,0.7686004507282215
f__pymfe.statistical.sd.max,63,83,49897.913622277345,6.0078749162099256e+16,-0.1454572168923545,0.1454572168923545,0.14323962516733602,0.4047481065078846,0.14557886717439536,0,2,0.024096385542168676,0.8718243989820778
f__pymfe.statistical.sd.quantiles.4,63,83,49897.913622277345,6.0078749162099256e+16,-0.1454572168923545,0.1454572168923545,0.14323962516733602,0.4047481065078846,0.14557886717439536,0,2,0.024096385542168676,0.8718243989820778
f__pymfe.statistical.sd.range,63,83,49895.781377632426,6.007874916209848e+16,-0.14545721689235258,0.14545721689235258,0.09236947791164658,0.8834649194988311,0.14557886717439533,0,2,0.024096385542168676,1.0
f__pymfe.statistical.range.mean,63,83,64090.976770424226,4.443484514241483e+16,-0.14545721688069724,0.14545721688069724,0.1267928858290304,0.5554843812186251,0.1455788671627924,0,2,0.024096385542168676,0.9544093034837953
f__pymfe.statistical.max.mean,63,83,64161.41870615717,4.4436007640994536e+16,-0.14545721688069693,0.14545721688069693,0.13884107860011474,0.44253753678243224,0.1455788671627922,0,2,0.024096385542168676,0.8790429633980655
f__pymfe.statistical.mean.max,63,83,32511.79948221449,1.1619313477509142e+17,-0.14545721687505658,0.14545721687505658,0.13941480206540446,0.4378326353382262,0.14557886715712354,0,2,0.024096385542168676,0.8790429633980655
f__pymfe.statistical.mean.quantiles.4,63,83,32511.79948221449,1.1619313477509142e+17,-0.14545721687505658,0.14545721687505658,0.13941480206540446,0.4378326353382262,0.14557886715712354,0,2,0.024096385542168676,0.8790429633980655
f__pymfe.statistical.mean.range,63,83,32501.374847490468,1.1619313477509026e+17,-0.14545721687505514,0.14545721687505514,0.09944540065021992,0.8239203429602976,0.14557886715712332,0,2,0.024096385542168676,1.0
f__pymfe.statistical.sd.mean,63,83,3595.3909856774035,1.2015749830661126e+16,-0.1454572168707093,0.1454572168707093,0.13884107860011474,0.44253753678243224,0.1455788671527961,0,2,0.024096385542168676,0.8790429633980655
f__pymfe.statistical.mean.mean,63,83,2776.4393349708466,2.3238626954200812e+16,-0.14545721686985252,0.14545721686985252,0.13501625549818322,0.47716750861425006,0.14557886715194138,2,2,0.04819277108433735,0.9010719817258079
f__pymfe.statistical.t_mean.max,63,83,24368.89925685607,1.2087930593547434e+17,-0.1454572168697504,0.1454572168697504,0.12736660929432014,0.5503619719980626,0.14557886715183965,0,2,0.024096385542168676,0.9500604458767637
f__pymfe.statistical.t_mean.quantiles.4,63,83,24368.89925685607,1.2087930593547434e+17,-0.1454572168697504,0.1454572168697504,0.12736660929432014,0.5503619719980626,0.14557886715183965,0,2,0.024096385542168676,0.9500604458767637
f__pymfe.statistical.t_mean.range,63,83,24359.07199656958,1.2087930593547326e+17,-0.14545721686974908,0.14545721686974908,0.10327022375215146,0.7890112348303028,0.1455788671518386,0,2,0.024096385542168676,1.0
f__pymfe.statistical.iq_range.max,63,83,30272.395371654817,1.0688750103920566e+17,-0.14545721686974006,0.14545721686974006,0.12143813348632626,0.6103454834320639,0.14557886715182947,1,2,0.03614457831325301,0.9743956899086752
f__pymfe.statistical.iq_range.quantiles.4,63,83,30272.395371654817,1.0688750103920566e+17,-0.14545721686974006,0.14545721686974006,0.12143813348632626,0.6103454834320639,0.14557886715182947,1,2,0.03614457831325301,0.9743956899086752
f__pymfe.statistical.iq_range.range,63,83,30269.855426883943,1.068875010392046e+17,-0.14545721686973861,0.14545721686973861,0.08682348441384585,0.9195324616722773,0.14557886715182844,0,2,0.024096385542168676,1.0
f__pymfe.statistical.mad.max,63,83,21307.19795023325,7.128843643807286e+16,-0.14545721686970073,0.14545721686970073,0.107095046854083,0.7522849710821448,0.14557886715179016,0,2,0.024096385542168676,1.0
f__pymfe.statistical.mad.quantiles.4,63,83,21307.19795023325,7.128843643807286e+16,-0.14545721686970073,0.14545721686970073,0.107095046854083,0.7522849710821448,0.14557886715179016,0,2,0.024096385542168676,1.0
f__pymfe.statistical.mad.range,63,83,21305.50042091957,7.128843643807212e+16,-0.1454572168696992,0.1454572168696992,0.08299866131191433,0.941379426624634,0.14557886715178878,0,2,0.024096385542168676,1.0
f__pymfe.statistical.iq_range.mean,63,83,2463.981753746735,2.1377500207837292e+16,-0.14545721686968574,0.14545721686968574,0.1426659017020463,0.4093630248766356,0.14557886715177518,1,2,0.03614457831325301,0.8718243989820778
f__pymfe.statistical.mad.mean,63,83,1731.016068133344,1.4257687287610794e+16,-0.14545721686968346,0.14545721686968346,0.13061770893096195,0.518437326245399,0.14557886715177282,0,2,0.024096385542168676,0.9327216991822386
f__pymfe.statistical.t_mean.mean,63,83,2103.9724702014537,2.4175861187081068e+16,-0.14545721686967142,0.14545721686967142,0.1426659017020463,0.4093630248766356,0.14557886715176108,2,2,0.04819277108433735,0.8718243989820778
f__pymfe.statistical.median.max,63,83,23257.859235230397,1.2469239339480355e+17,-0.1454572168696687,0.1454572168696687,0.12736660929432014,0.5503619719980626,0.14557886715175838,0,2,0.024096385542168676,0.9500604458767637
f__pymfe.statistical.median.quantiles.4,63,83,23257.859235230397,1.2469239339480355e+17,-0.1454572168696687,0.1454572168696687,0.12736660929432014,0.5503619719980626,0.14557886715175838,0,2,0.024096385542168676,0.9500604458767637
f__pymfe.statistical.median.mean,63,83,2017.3659478851062,2.4938478678958348e+16,-0.14545721686966853,0.14545721686966853,0.1426659017020463,0.4093630248766356,0.14557886715175808,2,2,0.04819277108433735,0.8718243989820778
f__pymfe.statistical.median.range,63,83,23248.24549486966,1.2469239339480251e+17,-0.1454572168696675,0.1454572168696675,0.10327022375215146,0.7890112348303028,0.14557886715175725,0,2,0.024096385542168676,1.0
f__pymfe.model-based.leaves_homo.max,63,83,4.756956123893743e+17,9.612419476538913e+90,-0.1454572168696528,0.1454572168696528,0.15834767641996558,0.2900600879863706,0.14557886715174226,5,2,0.08433734939759036,0.8037317757243894
f__pymfe.model-based.leaves_homo.quantiles.4,63,83,4.756956123893743e+17,9.612419476538913e+90,-0.1454572168696528,0.1454572168696528,0.15834767641996558,0.2900600879863706,0.14557886715174226,5,2,0.08433734939759036,0.8037317757243894
f__pymfe.model-based.leaves_homo.range,63,83,4.7569561238936346e+17,9.612419476538913e+90,-0.1454572168696528,0.1454572168696528,0.15834767641996558,0.2900600879863706,0.14557886715174226,5,2,0.08433734939759036,0.8037317757243894
f__pymfe.model-based.leaves_homo.quantiles.3,63,83,7748478884.263948,1.2846609114597605e+48,-0.14545721686965274,0.14545721686965274,0.16599732262382866,0.24141725841830297,0.1455788671517423,7,2,0.10843373493975904,0.7770920988846178
f__pymfe.model-based.leaves_homo.iq_range,63,83,7739469221.28169,1.2846609114597605e+48,-0.14545721686965274,0.14545721686965274,0.1539491298527443,0.3208066670927297,0.1455788671517423,7,2,0.10843373493975904,0.8185424191810081
f__pymfe.model-based.leaves_homo.sd,63,83,9241942157245360.0,3.878114272015527e+89,-0.1454572168696527,0.1454572168696527,0.14304838401223943,0.40694327043703304,0.14557886715174229,6,2,0.0963855421686747,0.8718243989820778
f__pymfe.model-based.leaves_homo.median,63,83,179934263.04539472,7.403502507626465e+32,-0.14545721686965268,0.14545721686965268,0.16599732262382866,0.24141725841830297,0.14557886715174226,10,2,0.14457831325301204,0.7770920988846178
f__pymfe.model-based.leaves_homo.quantiles.2,63,83,179934263.04539472,7.403502507626465e+32,-0.14545721686965268,0.14545721686965268,0.16599732262382866,0.24141725841830297,0.14557886715174226,10,2,0.14457831325301204,0.7770920988846178
f__pymfe.model-based.leaves_homo.mean,63,83,341314771973407.0,2.1248187491100365e+88,-0.14545721686965268,0.14545721686965268,0.1539491298527443,0.3208066670927297,0.14557886715174223,7,2,0.10843373493975904,0.8185424191810081
f__pymfe.statistical.var.max,63,83,56372348248.279976,2.995848568518497e+35,-0.14545721686965268,0.14545721686965268,0.14323962516733602,0.4047481065078846,0.14557886715174229,0,2,0.024096385542168676,0.8718243989820778
f__pymfe.statistical.var.quantiles.4,63,83,56372348248.279976,2.995848568518497e+35,-0.14545721686965268,0.14545721686965268,0.14323962516733602,0.4047481065078846,0.14557886715174229,0,2,0.024096385542168676,0.8718243989820778
f__pymfe.statistical.var.mean,63,83,4119328753.9146423,5.991697137036994e+34,-0.14545721686965268,0.14545721686965268,0.12736660929432014,0.5503619719980626,0.14557886715174229,0,2,0.024096385542168676,0.9500604458767637
f__pymfe.statistical.var.range,63,83,56372348187.79367,2.995848568518497e+35,-0.14545721686965268,0.14545721686965268,0.107095046854083,0.7522849710821448,0.14557886715174229,0,2,0.024096385542168676,1.0
f__pymfe.model-based.leaves_homo.histogram.3,63,83,0.0,0.0010040160642570278,-0.14545721686965268,0.14545721686965268,0.012048192771084338,1.0,0.1455788671517423,0,1,0.012048192771084338,1.0
f__pymfe.statistical.min.mean,63,83,68.95518327644524,1162498579695.3767,-0.1454572168672032,0.1454572168672032,0.1606425702811245,0.2753699629256519,0.14557886717475715,4,3,0.08433734939759036,0.8037317757243894
f__pymfe.model-based.tree_imbalance.mean,63,83,0.06364022336808296,0.07188435732676875,-0.14518150645826505,0.14518150645826505,0.1539491298527443,0.3208066670927297,0.2604900681382992,1,5,0.07228915662650602,0.8185424191810081
f__pymfe.landmarking.one_nn.histogram.8,63,83,0.05238095238095238,0.04518072289156627,0.14497123775150023,0.14497123775150023,0.05335628227194492,0.9996853865716046,0.14509501501318914,0,0,0.0,1.0
f__pymfe.relative.one_nn.histogram.8,63,83,0.05238095238095238,0.04518072289156627,0.14497123775150023,0.14497123775150023,0.05335628227194492,0.9996853865716046,0.14509501501318914,0,0,0.0,1.0
f__pymfe.statistical.range.histogram.5,63,83,0.13412515016554083,0.09403615018950891,0.14460647160238263,0.14460647160238263,0.10269650028686174,0.7943544066216591,0.14517168038308143,0,0,0.0,1.0
f__pymfe.statistical.kurtosis.median,60,72,19.221692333936897,109.24365343388405,-0.14436596221393116,0.14436596221393116,0.175,0.23888861462324074,0.16204245878554052,1,1,0.027777777777777776,0.7767514183388537
f__pymfe.statistical.kurtosis.quantiles.2,60,72,19.221692333936897,109.24365343388405,-0.14436596221393116,0.14436596221393116,0.175,0.23888861462324074,0.16204245878554052,1,1,0.027777777777777776,0.7767514183388537
f__pymfe.info-theory.attr_conc.iq_range,21,47,0.09798058395927896,0.0765723940724134,0.14418406158256877,0.14418406158256877,0.2998986828774063,0.11516354779061085,0.41515903015508837,2,0,0.0425531914893617,0.5477957480959916
f__pymfe.info-theory.attr_conc.quantiles.3,21,47,0.12119052947880798,0.09551710066238189,0.1440575932021026,0.1440575932021026,0.3475177304964539,0.04472914095003484,0.4564754103105213,0,0,0.0,0.37346201422370556
f__pymfe.landmarking.naive_bayes.histogram.5,63,83,0.11746031746031745,0.1,0.1427019104956102,0.1427019104956102,0.11340600497227003,0.6916882915157156,0.14283528628142536,0,0,0.0,1.0
f__pymfe.relative.naive_bayes.histogram.5,63,83,0.11746031746031745,0.1,0.1427019104956102,0.1427019104956102,0.11340600497227003,0.6916882915157156,0.14283528628142536,0,0,0.0,1.0
f__pymfe.statistical.mean.skewness,62,80,1.5372568733480847,1.2460730285022024,0.14239699800037542,0.14239699800037542,0.12903225806451613,0.550566393932485,0.23902454386167193,1,1,0.025,0.9500604458767637
f__pymfe.statistical.t_mean.histogram.8,63,83,0.024482768297484903,0.016868328966910616,0.1419650213543315,0.1419650213543315,0.1367374258940524,0.46274082535997035,0.18338705464006327,0,0,0.0,0.8915547392452313
f__pymfe.landmarking.best_node.quantiles.3.relative,71,100,3.176056338028169,3.4075,-0.1419322896479823,0.1419322896479823,0.12197183098591549,0.5164716908043909,0.21165071080607137,0,0,0.0,0.9327216991822386
f__pymfe.relative.best_node.quantiles.3.relative,71,100,3.176056338028169,3.4075,-0.1419322896479823,0.1419322896479823,0.12197183098591549,0.5164716908043909,0.21165071080607137,0,0,0.0,0.9327216991822386
f__pymfe.model-based.leaves_branch.quantiles.3,63,83,13.488095238095237,15.438253012048193,-0.14097877110114646,0.14097877110114646,0.12105565117613311,0.6143246983872184,0.21777198879535287,7,1,0.0963855421686747,0.9743956899086752
f__pymfe.model-based.tree_imbalance.max,63,83,0.24431565201842523,0.2537417333603471,-0.1407815692385951,0.1407815692385951,0.15834767641996558,0.2900600879863706,0.24152387430251498,0,1,0.012048192771084338,0.8037317757243894
f__pymfe.model-based.tree_imbalance.quantiles.4,63,83,0.24431565201842523,0.2537417333603471,-0.1407815692385951,0.1407815692385951,0.15834767641996558,0.2900600879863706,0.24152387430251498,0,1,0.012048192771084338,0.8037317757243894
f__pymfe.landmarking.linear_discr.range.relative,71,100,4.25,4.435,-0.14045307317794123,0.14045307317794123,0.06450704225352112,0.9887703368045134,0.14052787168491446,0,0,0.0,1.0
f__pymfe.relative.linear_discr.range.relative,71,100,4.25,4.435,-0.14045307317794123,0.14045307317794123,0.06450704225352112,0.9887703368045134,0.14052787168491446,0,0,0.0,1.0
f__pymfe.model-based.tree_imbalance.median,63,83,0.03080312295118102,0.03963865452209038,-0.14007865354060103,0.14007865354060103,0.14974182444061962,0.35268696783600095,0.20165606419230186,1,5,0.07228915662650602,0.8454906657019955
f__pymfe.model-based.tree_imbalance.quantiles.2,63,83,0.03080312295118102,0.03963865452209038,-0.14007865354060103,0.14007865354060103,0.14974182444061962,0.35268696783600095,0.20165606419230186,1,5,0.07228915662650602,0.8454906657019955
f__pymfe.model-based.leaves_homo.min,63,83,10983.455631141343,19086.78232931727,-0.13967548079368874,0.13967548079368874,0.20214190093708165,0.09010935149199052,0.14473307578891959,9,1,0.12048192771084337,0.50505346308273
f__pymfe.model-based.leaves_homo.quantiles.0,63,83,10983.455631141343,19086.78232931727,-0.13967548079368874,0.13967548079368874,0.20214190093708165,0.09010935149199052,0.14473307578891959,9,1,0.12048192771084337,0.50505346308273
f__pymfe.statistical.range.histogram.2,63,83,0.03989257213375186,0.054437267447540405,-0.13954005207633438,0.13954005207633438,0.13310384394721744,0.4960386142247958,0.26607500706163734,0,0,0.0,0.9129160718741075
f__pymfe.info-theory.attr_ent.histogram.2,23,51,0.08633728094393131,0.0720919865719678,0.13898631732645095,0.13898631732645095,0.09974424552429667,0.9896682061500175,0.1697336390817568,0,0,0.0,1.0
f__pymfe.landmarking.elite_nn.histogram.1,63,83,0.061904761904761914,0.05301204819277107,0.13889045188866045,0.13889045188866045,0.14649072480397782,0.3777675655222993,0.272695316773045,0,3,0.03614457831325301,0.8718243989820778
f__pymfe.relative.elite_nn.histogram.1,63,83,0.061904761904761914,0.05301204819277107,0.13889045188866045,0.13889045188866045,0.14649072480397782,0.3777675655222993,0.272695316773045,0,3,0.03614457831325301,0.8718243989820778
f__pymfe.statistical.sparsity.mean,71,100,0.11786921714896499,0.13881625715957996,-0.13835255114855285,0.13835255114855285,0.14422535211267606,0.3146351602666285,0.1774464662952063,0,0,0.0,0.8185424191810081
f__pymfe.statistical.iq_range.histogram.5,63,83,0.059519523960650626,0.08756894670763667,-0.1377519958656433,0.1377519958656433,0.12927902084528592,0.5326500616061665,0.1522549488179965,0,0,0.0,0.9497642366570465
f__pymfe.info-theory.attr_ent.histogram.3,23,51,0.06762635768205752,0.05661831334542805,0.13710546019776343,0.13710546019776343,0.17306052855924978,0.6525201162364013,0.19574200530783178,0,0,0.0,0.9904040387980723
f__pymfe.landmarking.one_nn.histogram.9,63,83,0.15396825396825395,0.17168674698795178,-0.13660879594602723,0.13660879594602723,0.07133295085102315,0.9840477518293982,0.16082652093854585,0,0,0.0,1.0
f__pymfe.relative.one_nn.histogram.9,63,83,0.15396825396825395,0.17168674698795178,-0.13660879594602723,0.13660879594602723,0.07133295085102315,0.9840477518293982,0.16082652093854585,0,0,0.0,1.0
f__pymfe.statistical.range.histogram.6,63,83,0.015285846102634401,0.021706936514798995,-0.1366032572347103,0.1366032572347103,0.05813731114935934,0.9987206579839778,0.14292719588611813,0,4,0.04819277108433735,1.0
f__pymfe.statistical.sparsity.kurtosis,64,95,20.264323909704952,11.994530409485613,0.13653333593170047,0.13653333593170047,0.20460526315789473,0.06821526003054063,0.1390611811677937,8,0,0.08421052631578947,0.4518556273923827
f__pymfe.statistical.iq_range.count,63,83,174.36507936507937,290.43373493975906,-0.13648228774631485,0.13648228774631485,0.24497991967871485,0.02172264632018138,0.18743221960972475,0,3,0.03614457831325301,0.2598612093376922
f__pymfe.statistical.t_mean.count,63,83,174.36507936507937,290.43373493975906,-0.13648228774631485,0.13648228774631485,0.24497991967871485,0.02172264632018138,0.18743221960972475,0,3,0.03614457831325301,0.2598612093376922
f__pymfe.model-based.var_importance.count,63,83,174.36507936507937,290.43373493975906,-0.13648228774631485,0.13648228774631485,0.24497991967871485,0.02172264632018138,0.18743221960972475,0,3,0.03614457831325301,0.2598612093376922
f__pymfe.model-based.nodes_per_level.median,63,83,19.21825396825397,26.19578313253012,-0.1361017904779356,0.1361017904779356,0.25530694205393,0.014795471656856744,0.18033618722741163,6,3,0.10843373493975904,0.2044581126374255
f__pymfe.model-based.nodes_per_level.quantiles.2,63,83,19.21825396825397,26.19578313253012,-0.1361017904779356,0.1361017904779356,0.25530694205393,0.014795471656856744,0.18033618722741163,6,3,0.10843373493975904,0.2044581126374255
f__pymfe.model-based.tree_depth.quantiles.3,63,83,12.753968253968255,14.626506024096386,-0.13584355503698933,0.13584355503698933,0.12105565117613311,0.6143246983872184,0.21054960918488952,5,1,0.07228915662650602,0.9743956899086752
f__pymfe.statistical.can_cor.count,71,100,3.704225352112676,2.9,0.135563678524836,0.135563678524836,0.15169014084507043,0.25988402536646704,0.2684655507596362,0,1,0.01,0.7896999803095746
f__pymfe.statistical.can_cor.histogram.1,63,83,0.03444570420760897,0.02526713998852553,0.13458474824879646,0.13458474824879646,0.08969210174029452,0.9018778869738657,0.15243570133058834,0,1,0.012048192771084338,1.0
f__pymfe.statistical.cor.skewness,58,67,1.443104117952953,1.1636625836735803,0.13441900424418543,0.13441900424418543,0.15362840967575914,0.4011710803849877,0.23363360441564554,1,0,0.014925373134328358,0.8718243989820778
f__pymfe.model-based.var_importance.histogram.6,63,83,0.016781585900697872,0.011793362691635303,0.13424007583742378,0.13424007583742378,0.18053165041116848,0.16584782283672156,0.1394500403796144,0,0,0.0,0.6677393775296178
f__pymfe.model-based.nodes_repeated.histogram.0,63,83,0.32238143735827224,0.35478829595342587,-0.1339275817821044,0.1339275817821044,0.12507171543316123,0.5748795324337751,0.1835482787854543,0,6,0.07228915662650602,0.9690135546701804
f__pymfe.landmarking.random_node.histogram.7,63,83,0.02936507936507937,0.03614457831325302,-0.13379199060792268,0.13379199060792268,0.06846433352457448,0.9898761392667658,0.13395787757912608,0,2,0.024096385542168676,1.0
f__pymfe.relative.random_node.histogram.7,63,83,0.02936507936507937,0.03614457831325302,-0.13379199060792268,0.13379199060792268,0.06846433352457448,0.9898761392667658,0.13395787757912608,0,2,0.024096385542168676,1.0
f__pymfe.statistical.iq_range.histogram.1,63,83,0.06885425404981159,0.05772274917473936,0.13357743034703665,0.13357743034703665,0.11856951615987761,0.6377459302811197,0.1674639322508598,0,2,0.024096385542168676,0.9764152113091069
f__pymfe.info-theory.joint_ent.sd,21,48,0.5972070971889435,0.673469253562783,-0.13312553788586337,0.13312553788586337,0.1130952380952381,0.9787869482039815,0.18766931394712902,2,2,0.08333333333333333,1.0
f__pymfe.statistical.g_mean.histogram.5,47,50,0.2469820034321466,0.1947121659162296,0.1330857165766428,0.1330857165766428,0.09063829787234043,0.972484845228941,0.15797743052426824,0,0,0.0,1.0
f__pymfe.general.freq_class.min,71,100,0.19331766670918563,0.21468497689064925,-0.13303443274046084,0.13303443274046084,0.25,0.008761266487041433,0.3588342948226808,25,0,0.25,0.17127207535033437
f__pymfe.general.freq_class.quantiles.0,71,100,0.19331766670918563,0.21468497689064925,-0.13303443274046084,0.13303443274046084,0.25,0.008761266487041433,0.3588342948226808,25,0,0.25,0.17127207535033437
f__pymfe.landmarking.one_nn.histogram.0.relative,71,100,4.056338028169014,4.18,-0.1328601294986407,0.1328601294986407,0.15295774647887325,0.25181743946700036,0.20035557426841874,1,1,0.02,0.7896999803095746
f__pymfe.relative.one_nn.histogram.0.relative,71,100,4.056338028169014,4.18,-0.1328601294986407,0.1328601294986407,0.15295774647887325,0.25181743946700036,0.20035557426841874,1,1,0.02,0.7896999803095746
f__pymfe.landmarking.one_nn.histogram.3.relative,71,100,4.408450704225352,4.2675,0.1327807628872035,0.1327807628872035,0.1119718309859155,0.6226459851046031,0.20897188196990923,1,4,0.05,0.9743956899086752
f__pymfe.relative.one_nn.histogram.3.relative,71,100,4.408450704225352,4.2675,0.1327807628872035,0.1327807628872035,0.1119718309859155,0.6226459851046031,0.20897188196990923,1,4,0.05,0.9743956899086752
f__pymfe.info-theory.attr_conc.max,21,47,0.4295205963123819,0.3852068980991776,0.1324168142844513,0.1324168142844513,0.1469098277608916,0.8564670233668963,0.20959782275064487,1,1,0.0425531914893617,1.0
f__pymfe.info-theory.attr_conc.quantiles.4,21,47,0.4295205963123819,0.3852068980991776,0.1324168142844513,0.1324168142844513,0.1469098277608916,0.8564670233668963,0.20959782275064487,1,1,0.0425531914893617,1.0
f__pymfe.landmarking.naive_bayes.histogram.9.relative,71,100,4.045774647887324,4.19,-0.13206554799999393,0.13206554799999393,0.0923943661971831,0.8284443217834055,0.19174093884971957,0,2,0.02,1.0
f__pymfe.relative.naive_bayes.histogram.9.relative,71,100,4.045774647887324,4.19,-0.13206554799999393,0.13206554799999393,0.0923943661971831,0.8284443217834055,0.19174093884971957,0,2,0.02,1.0
f__pymfe.landmarking.one_nn.histogram.6,63,83,0.0857142857142857,0.0789156626506024,0.13187039131750056,0.13187039131750056,0.07018550392044368,0.9865964371923692,0.13204224143796353,0,0,0.0,1.0
f__pymfe.relative.one_nn.histogram.6,63,83,0.0857142857142857,0.0789156626506024,0.13187039131750056,0.13187039131750056,0.07018550392044368,0.9865964371923692,0.13204224143796353,0,0,0.0,1.0
f__pymfe.statistical.cor.histogram.7,59,70,0.04011447201398429,0.03278433386319737,0.13170164720059718,0.13170164720059718,0.18062953995157385,0.2127190281068211,0.18467452369667953,0,1,0.014285714285714285,0.7301683127521076
f__pymfe.statistical.t_mean.histogram.6,63,83,0.04914422939897729,0.03931159840972206,0.1313355441118044,0.1313355441118044,0.11091986995601454,0.7145940225137141,0.1343695126326526,0,0,0.0,1.0
f__pymfe.landmarking.one_nn.histogram.2.relative,71,100,4.207746478873239,4.3575,-0.13128125807743737,0.13128125807743737,0.0876056338028169,0.870334863979365,0.13417165008831428,0,1,0.01,1.0
f__pymfe.relative.one_nn.histogram.2.relative,71,100,4.207746478873239,4.3575,-0.13128125807743737,0.13128125807743737,0.0876056338028169,0.870334863979365,0.13417165008831428,0,1,0.01,1.0
f__pymfe.info-theory.attr_ent.histogram.5,23,51,0.15952690778356934,0.1262701446536358,0.13066371290884243,0.13066371290884243,0.16624040920716113,0.7014896611492727,0.1365243988815927,0,0,0.0,1.0
f__pymfe.statistical.gravity,71,100,21937.77148668072,954107412673749.5,-0.13065491630155995,0.13065491630155995,0.07943661971830986,0.9301760719614746,0.13076696862310866,0,2,0.02,1.0
f__pymfe.statistical.cor.histogram.8,59,70,0.0322242718257187,0.02610755555867729,0.1303763079984925,0.1303763079984925,0.19055690072639225,0.16620587126283062,0.1629771185786197,0,1,0.014285714285714285,0.6677393775296178
f__pymfe.landmarking.random_node.skewness.relative,71,100,4.947183098591549,4.735,0.13032602795275855,0.13032602795275855,0.1295774647887324,0.4406232670728293,0.19710903786168793,0,0,0.0,0.8790429633980655
f__pymfe.relative.random_node.skewness.relative,71,100,4.947183098591549,4.735,0.13032602795275855,0.13032602795275855,0.1295774647887324,0.4406232670728293,0.19710903786168793,0,0,0.0,0.8790429633980655
f__pymfe.info-theory.attr_conc.range,21,47,0.4245084188616185,0.38120697761481404,0.12994555371018887,0.12994555371018887,0.1469098277608916,0.8564670233668963,0.19535608725101153,2,1,0.06382978723404255,1.0
f__pymfe.landmarking.linear_discr.histogram.7,63,83,0.06746031746031744,0.05963855421686746,0.12977788413205069,0.12977788413205069,0.10040160642570281,0.8178706287784988,0.21828764492819586,0,1,0.012048192771084338,1.0
f__pymfe.relative.linear_discr.histogram.7,63,83,0.06746031746031744,0.05963855421686746,0.12977788413205069,0.12977788413205069,0.10040160642570281,0.8178706287784988,0.21828764492819586,0,1,0.012048192771084338,1.0
f__pymfe.model-based.tree_depth.mean,63,83,10.317832789007966,11.62390105178734,-0.12970255741963488,0.12970255741963488,0.13807611397972844,0.4498486115058734,0.22905265167991332,9,1,0.12048192771084337,0.8821666431826191
f__pymfe.statistical.sd.skewness,62,80,1.4184226313386097,1.169949062549253,0.12968840609690657,0.12968840609690657,0.14274193548387096,0.4240964931396531,0.26227817534650283,1,2,0.0375,0.8718243989820778
f__pymfe.statistical.can_cor.histogram.9,63,83,0.1315268329554044,0.1103670634920635,0.1292135246735275,0.1292135246735275,0.11856951615987761,0.6377459302811197,0.1517777660879288,0,0,0.0,0.9764152113091069
f__pymfe.model-based.leaves_homo.histogram.2,63,83,0.052385294042562945,0.04460112173446768,0.1291357620081024,0.1291357620081024,0.2027156244023714,0.08868940895516653,0.15420430845878938,5,0,0.060240963855421686,0.50505346308273
f__pymfe.statistical.can_cor.range,63,83,0.22955115673778959,0.19196448974056662,0.12868593917185547,0.12868593917185547,0.13061770893096195,0.518437326245399,0.13632657233322248,0,0,0.0,0.9327216991822386
f__pymfe.info-theory.attr_ent.histogram.9,23,51,0.20678645125605935,0.2327248159000633,-0.1284557011899815,0.1284557011899815,0.17902813299232737,0.6124697318594677,0.22327027408240963,0,0,0.0,0.9743956899086752
f__pymfe.model-based.leaves_per_class.histogram.9,63,83,0.34441902894283843,0.36677911111646044,-0.12837525184765594,0.12837525184765594,0.153184165232358,0.326491918696497,0.2106134305802422,5,0,0.060240963855421686,0.8199529372496906
f__pymfe.model-based.leaves_corrob.skewness,63,83,8.812999599556608,10.689217995686132,-0.12812314744961967,0.12812314744961967,0.23713903231975522,0.02860978138542161,0.21682583947589118,5,1,0.07228915662650602,0.3252587202895804
f__pymfe.statistical.sd.histogram.1,63,83,0.07280203698521155,0.05970633427146774,0.12625779339967266,0.12625779339967266,0.11321476381717345,0.6939855461511324,0.22621337634838115,0,2,0.024096385542168676,1.0
f__pymfe.statistical.cov.histogram.4,62,80,0.01714352638419199,0.013162413286246585,0.12625369555225496,0.12625369555225496,0.23225806451612904,0.037610850041465846,0.2105485831431642,0,2,0.025,0.3546206439878469
f__pymfe.model-based.leaves_branch.mean,63,83,11.273642712765973,12.548404908292422,-0.1262286297385972,0.1262286297385972,0.13807611397972844,0.4498486115058734,0.23187613048558442,8,1,0.10843373493975904,0.8821666431826191
f__pymfe.statistical.mad.histogram.6,63,83,0.025730338951324677,0.02021893240327381,0.12620675075372084,0.12620675075372084,0.10881621724995219,0.7380453440236189,0.13859085553277667,0,0,0.0,1.0
f__pymfe.model-based.leaves_homo.histogram.1,63,83,0.06134929182390772,0.05309403023566327,0.12596468840341868,0.12596468840341868,0.21476381717345572,0.06106302547815479,0.14544923237894375,0,1,0.012048192771084338,0.43292197406461513
f__pymfe.statistical.cor.mean,59,70,0.26768487408686814,0.24265876903077127,0.12477038257930845,0.12477038257930845,0.14769975786924938,0.4329947311949935,0.1975146131956675,0,2,0.02857142857142857,0.8790429633980655
f__pymfe.landmarking.worst_node.histogram.8.relative,71,100,3.9295774647887325,4.12,-0.12472019904795278,0.12472019904795278,0.10788732394366198,0.6669322212166143,0.12877496929849214,0,0,0.0,0.9972876404946203
f__pymfe.relative.worst_node.histogram.8.relative,71,100,3.9295774647887325,4.12,-0.12472019904795278,0.12472019904795278,0.10788732394366198,0.6669322212166143,0.12877496929849214,0,0,0.0,0.9972876404946203
f__pymfe.landmarking.linear_discr.histogram.2,63,83,0.06904761904761904,0.06204819277108433,0.12316094455991536,0.12316094455991536,0.11570089883342895,0.6684797630865655,0.14762200744465373,0,0,0.0,0.9977402795416801
f__pymfe.relative.linear_discr.histogram.2,63,83,0.06904761904761904,0.06204819277108433,0.12316094455991536,0.12316094455991536,0.11570089883342895,0.6684797630865655,0.14762200744465373,0,0,0.0,0.9977402795416801
f__pymfe.statistical.sd.histogram.0,63,83,0.4672631577870066,0.4267083452011086,0.12283266995565612,0.12283266995565612,0.10977242302543508,0.727503816207285,0.1312152612375279,0,2,0.024096385542168676,1.0
f__pymfe.statistical.var.histogram.5,63,83,0.046644020160297936,0.06776726477275102,-0.12258799697748082,0.12258799697748082,0.13119143239625167,0.513185948048635,0.1699286174296166,0,0,0.0,0.9305849261560656
f__pymfe.general.freq_class.quantiles.1,71,100,0.2586100736524788,0.2787818539360735,-0.12250404420154695,0.12250404420154695,0.17788732394366197,0.1245042410223009,0.2881140223210077,17,0,0.17,0.5682537303294807
f__pymfe.statistical.g_mean.histogram.0,47,50,0.48293325654399866,0.44063660483880235,0.1224342562723896,0.1224342562723896,0.17574468085106382,0.38274426974194226,0.2871492590030455,0,1,0.02,0.8718243989820778
f__pymfe.landmarking.best_node.median.relative,71,100,3.2640845070422535,3.465,-0.1222647794218433,0.1222647794218433,0.1115492957746479,0.6273090155868701,0.18975865882565726,0,0,0.0,0.9743956899086752
f__pymfe.landmarking.best_node.quantiles.2.relative,71,100,3.2640845070422535,3.465,-0.1222647794218433,0.1222647794218433,0.1115492957746479,0.6273090155868701,0.18975865882565726,0,0,0.0,0.9743956899086752
f__pymfe.relative.best_node.median.relative,71,100,3.2640845070422535,3.465,-0.1222647794218433,0.1222647794218433,0.1115492957746479,0.6273090155868701,0.18975865882565726,0,0,0.0,0.9743956899086752
f__pymfe.relative.best_node.quantiles.2.relative,71,100,3.2640845070422535,3.465,-0.1222647794218433,0.1222647794218433,0.1115492957746479,0.6273090155868701,0.18975865882565726,0,0,0.0,0.9743956899086752
f__pymfe.landmarking.best_node.histogram.0,63,83,0.12142857142857143,0.13433734939759034,-0.1213978989696633,0.1213978989696633,0.05488621151271754,0.9994778389319706,0.13600742560671025,0,1,0.012048192771084338,1.0
f__pymfe.relative.best_node.histogram.0,63,83,0.12142857142857143,0.13433734939759034,-0.1213978989696633,0.1213978989696633,0.05488621151271754,0.9994778389319706,0.13600742560671025,0,1,0.012048192771084338,1.0
f__pymfe.landmarking.worst_node.kurtosis.relative,71,100,5.507042253521127,5.2825,0.11995158692400791,0.11995158692400791,0.09464788732394366,0.8073880214997152,0.14913335003933237,5,0,0.05,1.0
f__pymfe.relative.worst_node.kurtosis.relative,71,100,5.507042253521127,5.2825,0.11995158692400791,0.11995158692400791,0.09464788732394366,0.8073880214997152,0.14913335003933237,5,0,0.05,1.0
f__pymfe.model-based.tree_depth.median,63,83,10.087301587301587,11.240963855421686,-0.11982419115929713,0.11982419115929713,0.1095811818703385,0.729599956989905,0.22189530158496953,5,1,0.07228915662650602,1.0
f__pymfe.model-based.tree_depth.quantiles.2,63,83,10.087301587301587,11.240963855421686,-0.11982419115929713,0.11982419115929713,0.1095811818703385,0.729599956989905,0.22189530158496953,5,1,0.07228915662650602,1.0
f__pymfe.model-based.leaves_per_class.histogram.4,63,83,0.03067657650990984,0.023717641127279677,0.1195114299303029,0.1195114299303029,0.11703958691910499,0.6554110113430216,0.23137968014187668,0,3,0.03614457831325301,0.9928026827687558
f__pymfe.info-theory.joint_ent.histogram.2,23,51,0.07199148530706899,0.06127734945975284,0.1194260679246243,0.1194260679246243,0.11508951406649616,0.9627719929474281,0.25250345644680505,0,0,0.0,1.0
f__pymfe.landmarking.one_nn.histogram.4.relative,71,100,4.450704225352113,4.5775,-0.11933589127648876,0.11933589127648876,0.08535211267605634,0.889034655028787,0.14509422233561386,0,3,0.03,1.0
f__pymfe.relative.one_nn.histogram.4.relative,71,100,4.450704225352113,4.5775,-0.11933589127648876,0.11933589127648876,0.08535211267605634,0.889034655028787,0.14509422233561386,0,3,0.03,1.0
f__pymfe.landmarking.best_node.skewness,52,72,-0.16172023800809432,-0.08664379370767736,-0.11900530540593993,0.11900530540593993,0.18482905982905984,0.21976015472393967,0.24753315291391512,0,0,0.0,0.7431973165031124
f__pymfe.relative.best_node.skewness,52,72,-0.16172023800809432,-0.08664379370767736,-0.11900530540593993,0.11900530540593993,0.18482905982905984,0.21976015472393967,0.24753315291391512,0,0,0.0,0.7431973165031124
f__pymfe.statistical.h_mean.histogram.8,47,50,0.008780056267272688,0.013620755932807467,-0.11847553239975951,0.11847553239975951,0.07404255319148936,0.9966060524887287,0.1723338080068152,0,1,0.02,1.0
f__pymfe.statistical.kurtosis.skewness,59,69,1.924587725598168,1.638689143671736,0.11797500210032272,0.11797500210032272,0.17293048391058707,0.2575122668912372,0.20598724334780072,0,1,0.014492753623188406,0.7896999803095746
f__pymfe.landmarking.worst_node.histogram.5,63,83,0.38174603174603183,0.3301204819277108,0.11734593499321463,0.11734593499321463,0.09504685408299866,0.8607580523300318,0.11755155605794806,0,0,0.0,1.0
f__pymfe.relative.worst_node.histogram.5,63,83,0.38174603174603183,0.3301204819277108,0.11734593499321463,0.11734593499321463,0.09504685408299866,0.8607580523300318,0.11755155605794806,0,0,0.0,1.0
f__pymfe.statistical.mad.histogram.1,63,83,0.0673565279604876,0.056844942516088105,0.1165020367604853,0.1165020367604853,0.09734174794415758,0.8435809478471878,0.15507067056468207,0,0,0.0,1.0
f__pymfe.statistical.g_mean.histogram.2,47,50,0.03432095041078028,0.027351324695976818,0.11643354714974569,0.11643354714974569,0.14042553191489363,0.6509504507512248,0.1578048858185528,0,1,0.02,0.9904040387980723
f__pymfe.landmarking.best_node.histogram.5,63,83,0.2619047619047619,0.22168674698795182,0.1158832169442359,0.1158832169442359,0.09294320137693632,0.8791963729032519,0.14082197275941222,0,0,0.0,1.0
f__pymfe.relative.best_node.histogram.5,63,83,0.2619047619047619,0.22168674698795182,0.1158832169442359,0.1158832169442359,0.09294320137693632,0.8791963729032519,0.14082197275941222,0,0,0.0,1.0
f__pymfe.landmarking.linear_discr.histogram.8,63,83,0.05,0.0427710843373494,0.115338859303588,0.115338859303588,0.05526869382291069,0.9994104857735439,0.12808059772174066,0,0,0.0,1.0
f__pymfe.relative.linear_discr.histogram.8,63,83,0.05,0.0427710843373494,0.115338859303588,0.115338859303588,0.05526869382291069,0.9994104857735439,0.12808059772174066,0,0,0.0,1.0
f__pymfe.model-based.tree_imbalance.histogram.3,63,83,0.04038496659939442,0.036195307428434145,0.11511857143183003,0.11511857143183003,0.11206731688659399,0.704807202908095,0.17013097839846644,0,0,0.0,1.0
f__pymfe.statistical.h_mean.histogram.5,47,50,0.2444433142543197,0.19930318233330035,0.1149919503882424,0.1149919503882424,0.12595744680851065,0.7756085793734316,0.1669803387528675,0,0,0.0,1.0
f__pymfe.model-based.leaves_corrob.histogram.5,63,83,0.004139119655740813,0.005669306364771931,-0.11460220060325078,0.11460220060325078,0.148211895199847,0.36443791726791247,0.24610531356215548,0,2,0.024096385542168676,0.8591087961477407
f__pymfe.statistical.var.kurtosis,62,80,8.649435002524296,6.475291285149527,0.11444275676628109,0.11444275676628109,0.19879032258064516,0.10685834108425261,0.20851845542100275,0,1,0.0125,0.5368025590525797
f__pymfe.info-theory.joint_ent.skewness,21,48,0.33027419096826655,0.5068864420404516,-0.11358161225279738,0.11358161225279738,0.2261904761904762,0.3793836685795754,0.23919711592343715,0,0,0.0,0.8718243989820778
f__pymfe.landmarking.random_node.histogram.4,63,83,0.045238095238095244,0.03855421686746988,0.11340673239727075,0.11340673239727075,0.06330082233696692,0.9958284071463863,0.1136182511185218,0,0,0.0,1.0
f__pymfe.relative.random_node.histogram.4,63,83,0.045238095238095244,0.03855421686746988,0.11340673239727075,0.11340673239727075,0.06330082233696692,0.9958284071463863,0.1136182511185218,0,0,0.0,1.0
f__pymfe.model-based.nodes_repeated.skewness,62,78,0.7741476733420348,0.6677033167025578,0.11339920908914251,0.11339920908914251,0.271712158808933,0.009349363650000081,0.30330065216247887,3,2,0.0641025641025641,0.17841702298750153
f__pymfe.statistical.cor.min,59,70,0.03931265311590423,0.05417066266623141,-0.11316895091907599,0.11316895091907599,0.20121065375302663,0.1261998303164661,0.14649624093481492,2,2,0.05714285714285714,0.5682537303294807
f__pymfe.statistical.cor.quantiles.0,59,70,0.03931265311590423,0.05417066266623141,-0.11316895091907599,0.11316895091907599,0.20121065375302663,0.1261998303164661,0.14649624093481492,2,2,0.05714285714285714,0.5682537303294807
f__pymfe.statistical.eigenvalues.skewness,62,80,5.210358910530171,4.455352117044846,0.11197839971558132,0.11197839971558132,0.2564516129032258,0.01587572338511539,0.17348876283421888,0,0,0.0,0.2103205337714047
f__pymfe.model-based.tree_shape.histogram.5,63,83,0.005354823343344594,0.014800575225138059,-0.11187818286310089,0.11187818286310089,0.0502964237903997,0.999891433997921,0.14079344890256523,0,1,0.012048192771084338,1.0
f__pymfe.landmarking.naive_bayes.histogram.0.relative,71,100,4.190140845070423,4.08,0.11070130588259605,0.11070130588259605,0.12661971830985916,0.4696362616944974,0.2185334012162954,0,0,0.0,0.8999982611026984
f__pymfe.relative.naive_bayes.histogram.0.relative,71,100,4.190140845070423,4.08,0.11070130588259605,0.11070130588259605,0.12661971830985916,0.4696362616944974,0.2185334012162954,0,0,0.0,0.8999982611026984
f__pymfe.model-based.leaves_branch.histogram.2,63,83,0.13226913718873715,0.14152526118983336,-0.1107003343626239,0.1107003343626239,0.16159877605660738,0.26843998251787143,0.24454102503425137,9,0,0.10843373493975904,0.8016867082490575
f__pymfe.statistical.mean.histogram.0,63,83,0.47124066352300803,0.4353660241716545,0.11032718830882007,0.11032718830882007,0.12258558041690572,0.5968234737485743,0.1639353779177182,0,1,0.012048192771084338,0.9743956899086752
f__pymfe.model-based.nodes_repeated.iq_range,63,83,68.37896825396825,104.62349397590361,-0.11017739379552864,0.11017739379552864,0.1638936699177663,0.25460022814988553,0.11580195284563614,0,2,0.024096385542168676,0.7896999803095746
f__pymfe.landmarking.best_node.quantiles.1.relative,71,100,3.3767605633802815,3.555,-0.11014447448095462,0.11014447448095462,0.14338028169014083,0.3209998169840077,0.20383219719606013,0,0,0.0,0.8185424191810081
f__pymfe.relative.best_node.quantiles.1.relative,71,100,3.3767605633802815,3.555,-0.11014447448095462,0.11014447448095462,0.14338028169014083,0.3209998169840077,0.20383219719606013,0,0,0.0,0.8185424191810081
f__pymfe.model-based.var_importance.histogram.0,63,83,0.5425467228692872,0.5082351796901166,0.10965529679622169,0.10965529679622169,0.13100019124115508,0.5155917489890617,0.12138042250317531,0,0,0.0,0.9327216991822386
f__pymfe.general.nr_num,71,100,154.71830985915494,241.06,-0.10925265242551624,0.10925265242551624,0.2415492957746479,0.012567059848548688,0.16929599060791944,0,3,0.03,0.19004714091720326
f__pymfe.statistical.g_mean.count,71,100,154.71830985915494,241.06,-0.10925265242551624,0.10925265242551624,0.2415492957746479,0.012567059848548688,0.16929599060791944,0,3,0.03,0.19004714091720326
f__pymfe.statistical.kurtosis.count,71,100,154.71830985915494,241.06,-0.10925265242551624,0.10925265242551624,0.2415492957746479,0.012567059848548688,0.16929599060791944,0,3,0.03,0.19004714091720326
f__pymfe.statistical.mad.count,71,100,154.71830985915494,241.06,-0.10925265242551624,0.10925265242551624,0.2415492957746479,0.012567059848548688,0.16929599060791944,0,3,0.03,0.19004714091720326
f__pymfe.statistical.max.count,71,100,154.71830985915494,241.06,-0.10925265242551624,0.10925265242551624,0.2415492957746479,0.012567059848548688,0.16929599060791944,0,3,0.03,0.19004714091720326
f__pymfe.statistical.mean.count,71,100,154.71830985915494,241.06,-0.10925265242551624,0.10925265242551624,0.2415492957746479,0.012567059848548688,0.16929599060791944,0,3,0.03,0.19004714091720326
f__pymfe.statistical.median.count,71,100,154.71830985915494,241.06,-0.10925265242551624,0.10925265242551624,0.2415492957746479,0.012567059848548688,0.16929599060791944,0,3,0.03,0.19004714091720326
f__pymfe.statistical.min.count,71,100,154.71830985915494,241.06,-0.10925265242551624,0.10925265242551624,0.2415492957746479,0.012567059848548688,0.16929599060791944,0,3,0.03,0.19004714091720326
f__pymfe.statistical.range.count,71,100,154.71830985915494,241.06,-0.10925265242551624,0.10925265242551624,0.2415492957746479,0.012567059848548688,0.16929599060791944,0,3,0.03,0.19004714091720326
f__pymfe.statistical.sd.count,71,100,154.71830985915494,241.06,-0.10925265242551624,0.10925265242551624,0.2415492957746479,0.012567059848548688,0.16929599060791944,0,3,0.03,0.19004714091720326
f__pymfe.statistical.skewness.count,71,100,154.71830985915494,241.06,-0.10925265242551624,0.10925265242551624,0.2415492957746479,0.012567059848548688,0.16929599060791944,0,3,0.03,0.19004714091720326
f__pymfe.statistical.var.count,71,100,154.71830985915494,241.06,-0.10925265242551624,0.10925265242551624,0.2415492957746479,0.012567059848548688,0.16929599060791944,0,3,0.03,0.19004714091720326
f__pymfe.statistical.eigenvalues.count,71,100,154.70422535211267,241.03,-0.10923160734001906,0.10923160734001906,0.2415492957746479,0.012567059848548688,0.16931484967269217,0,3,0.03,0.19004714091720326
f__pymfe.statistical.sparsity.histogram.5,71,100,0.09764221195662784,0.07061557167145827,0.10875626904991743,0.10875626904991743,0.10577464788732395,0.689643280595411,0.12357499413816743,0,0,0.0,1.0
f__pymfe.model-based.leaves_per_class.sd,63,83,0.0644029381264174,0.07227248901446212,-0.10870960966397983,0.10870960966397983,0.10862497609485561,0.7403543601808045,0.17774940176553855,4,1,0.060240963855421686,1.0
f__pymfe.statistical.nr_disc,63,83,4.174603174603175,3.4939759036144578,0.1086416085538109,0.1086416085538109,0.16083381143622108,0.27339501288037427,0.2619761766884138,0,1,0.012048192771084338,0.8037317757243894
f__pymfe.landmarking.linear_discr.histogram.7.relative,71,100,4.126760563380282,3.9975,0.10857126750447849,0.10857126750447849,0.11563380281690142,0.5831189463703389,0.13438551245258432,0,0,0.0,0.9717925317081479
f__pymfe.relative.linear_discr.histogram.7.relative,71,100,4.126760563380282,3.9975,0.10857126750447849,0.10857126750447849,0.11563380281690142,0.5831189463703389,0.13438551245258432,0,0,0.0,0.9717925317081479
f__pymfe.model-based.leaves_branch.median,63,83,11.015873015873016,12.063253012048193,-0.10820564976670974,0.10820564976670974,0.13367756741250716,0.4903983461125855,0.2261752348326774,8,1,0.10843373493975904,0.9035730446189363
f__pymfe.model-based.leaves_branch.quantiles.2,63,83,11.015873015873016,12.063253012048193,-0.10820564976670974,0.10820564976670974,0.13367756741250716,0.4903983461125855,0.2261752348326774,8,1,0.10843373493975904,0.9035730446189363
f__pymfe.statistical.cor.histogram.4,59,70,0.05231870687108587,0.04677769376265849,0.10817817491052402,0.10817817491052402,0.20387409200968523,0.11753135279706395,0.25669940153159165,0,2,0.02857142857142857,0.5508852588704489
f__pymfe.statistical.min.histogram.1,63,83,0.03897544964080252,0.05018174566606339,-0.10752144619769345,0.10752144619769345,0.054312488047427804,0.9995650773749852,0.125363639217057,0,3,0.03614457831325301,1.0
f__pymfe.model-based.tree_shape.skewness,63,82,4.496758763422337,5.04788688504565,-0.1072226522876888,0.1072226522876888,0.1438250096786682,0.40211836876474955,0.19811251077153208,8,1,0.10975609756097561,0.8718243989820778
f__pymfe.landmarking.elite_nn.histogram.5.relative,71,100,3.316901408450704,3.4475,-0.10712961736925636,0.10712961736925636,0.09281690140845071,0.8246368206936668,0.166540031102779,0,0,0.0,1.0
f__pymfe.relative.elite_nn.histogram.5.relative,71,100,3.316901408450704,3.4475,-0.10712961736925636,0.10712961736925636,0.09281690140845071,0.8246368206936668,0.166540031102779,0,0,0.0,1.0
f__pymfe.landmarking.linear_discr.histogram.5.relative,71,100,3.640845070422535,3.5225,0.10648850437240467,0.10648850437240467,0.10211267605633803,0.7289844152850506,0.18414662475366284,1,0,0.01,1.0
f__pymfe.relative.linear_discr.histogram.5.relative,71,100,3.640845070422535,3.5225,0.10648850437240467,0.10648850437240467,0.10211267605633803,0.7289844152850506,0.18414662475366284,1,0,0.01,1.0
f__pymfe.statistical.mad.histogram.8,63,83,0.013210384998965022,0.01802165385805673,-0.10624902965462558,0.10624902965462558,0.07286288009179576,0.9807809858278818,0.1367969323137897,0,0,0.0,1.0
f__pymfe.model-based.nodes_per_level.histogram.1,63,83,0.0975507902384073,0.09175745875168954,0.10564460411622856,0.10564460411622856,0.11015490533562823,0.7231078167334433,0.1538187800981903,0,1,0.012048192771084338,1.0
f__pymfe.statistical.can_cor.quantiles.3,63,83,0.6275184882104817,0.6026572439869744,0.10549442175971438,0.10549442175971438,0.1969783897494741,0.10443196732198615,0.21353512789261847,1,1,0.024096385542168676,0.5283277389846133
f__pymfe.statistical.mean.kurtosis,62,80,6.388907181012491,4.372180011229041,0.10547945205230494,0.10547945205230494,0.21330645161290324,0.06926008740228069,0.15023723112349302,0,1,0.0125,0.45501606600760636
f__pymfe.model-based.tree_depth.histogram.2,63,83,0.11020768390876488,0.11831473821320238,-0.10537775661519429,0.10537775661519429,0.15528781793842034,0.31108893905347523,0.2274417590835134,1,0,0.012048192771084338,0.8171448009666713
f__pymfe.model-based.tree_depth.histogram.3,63,83,0.14430507515933025,0.15273953979905985,-0.10531055422739093,0.10531055422739093,0.12564543889845095,0.5682772992809623,0.21608072042508847,0,0,0.0,0.9630204745071793
f__pymfe.landmarking.elite_nn.mean.relative,71,100,3.23943661971831,3.38,-0.10515249156301214,0.10515249156301214,0.054507042253521126,0.9986935318060752,0.1428893009798452,0,4,0.04,1.0
f__pymfe.relative.elite_nn.mean.relative,71,100,3.23943661971831,3.38,-0.10515249156301214,0.10515249156301214,0.054507042253521126,0.9986935318060752,0.1428893009798452,0,4,0.04,1.0
f__pymfe.info-theory.attr_conc.min,21,47,0.00505715067440289,0.003823050463720988,0.10493089787614354,0.10493089787614354,0.23505572441742653,0.336388320851366,0.21171160776474787,1,0,0.02127659574468085,0.8257740862553441
f__pymfe.info-theory.attr_conc.quantiles.0,21,47,0.00505715067440289,0.003823050463720988,0.10493089787614354,0.10493089787614354,0.23505572441742653,0.336388320851366,0.21171160776474787,1,0,0.02127659574468085,0.8257740862553441
f__pymfe.general.freq_class.quantiles.3,71,100,0.4016484940790423,0.4250913422015515,-0.10475060702024175,0.10475060702024175,0.11535211267605634,0.5862279339749089,0.15795751356162338,1,2,0.03,0.9717925317081479
f__pymfe.landmarking.worst_node.histogram.4.relative,71,100,3.5422535211267605,3.7125,-0.10469032307204564,0.10469032307204564,0.15295774647887325,0.25181743946700036,0.17334728959112716,3,0,0.03,0.7896999803095746
f__pymfe.relative.worst_node.histogram.4.relative,71,100,3.5422535211267605,3.7125,-0.10469032307204564,0.10469032307204564,0.15295774647887325,0.25181743946700036,0.17334728959112716,3,0,0.03,0.7896999803095746
f__pymfe.general.freq_class.histogram.8,71,100,0.008522932466594437,0.005398989898989898,0.10398081021540409,0.10398081021540409,0.04225352112676056,0.9999894480731187,0.14138121418000174,0,0,0.0,1.0
f__pymfe.statistical.range.histogram.9,63,83,0.2196740826988381,0.19289739524684615,0.10334759127210205,0.10334759127210205,0.14323962516733602,0.4047481065078846,0.24616765876495988,0,1,0.012048192771084338,0.8718243989820778
f__pymfe.landmarking.elite_nn.histogram.2.relative,71,100,4.028169014084507,3.89,0.1030853457853325,0.1030853457853325,0.09605633802816901,0.79233589693444,0.1565668534915317,0,0,0.0,1.0
f__pymfe.relative.elite_nn.histogram.2.relative,71,100,4.028169014084507,3.89,0.1030853457853325,0.1030853457853325,0.09605633802816901,0.79233589693444,0.1565668534915317,0,0,0.0,1.0
f__pymfe.landmarking.worst_node.histogram.9.relative,71,100,3.73943661971831,3.9425,-0.10294732031564885,0.10294732031564885,0.08464788732394367,0.8951495922151282,0.11541912553145642,0,0,0.0,1.0
f__pymfe.relative.worst_node.histogram.9.relative,71,100,3.73943661971831,3.9425,-0.10294732031564885,0.10294732031564885,0.08464788732394367,0.8951495922151282,0.11541912553145642,0,0,0.0,1.0
f__pymfe.info-theory.attr_conc.sd,21,47,0.11573534511985067,0.10334467081670695,0.10286513040111975,0.10286513040111975,0.1408308004052685,0.8880249453725644,0.22188496010377423,2,0,0.0425531914893617,1.0
f__pymfe.landmarking.elite_nn.quantiles.1.relative,71,100,2.954225352112676,3.1,-0.1021139612273711,0.1021139612273711,0.07070422535211268,0.9725095512649401,0.15495884244966213,0,3,0.03,1.0
f__pymfe.relative.elite_nn.quantiles.1.relative,71,100,2.954225352112676,3.1,-0.1021139612273711,0.1021139612273711,0.07070422535211268,0.9725095512649401,0.15495884244966213,0,3,0.03,1.0
f__pymfe.statistical.g_mean.histogram.4,47,50,0.031375659037913915,0.040108200449781875,-0.10181797285501214,0.10181797285501214,0.07106382978723404,0.9981118141835191,0.11775320990412089,0,1,0.02,1.0
f__pymfe.statistical.cor.median,59,70,0.23018918340362093,0.2073344035166834,0.10178624603785187,0.10178624603785187,0.17966101694915254,0.2176074487393433,0.1562917786096624,0,2,0.02857142857142857,0.7390354667990833
f__pymfe.statistical.cor.quantiles.2,59,70,0.23018918340362093,0.2073344035166834,0.10178624603785187,0.10178624603785187,0.17966101694915254,0.2176074487393433,0.1562917786096624,0,2,0.02857142857142857,0.7390354667990833
f__pymfe.statistical.can_cor.median,63,83,0.5819833439722263,0.5580842611352488,0.10106998473275396,0.10106998473275396,0.15261044176706828,0.33076510548597665,0.16713808248314058,1,1,0.024096385542168676,0.8233174908292245
f__pymfe.statistical.can_cor.quantiles.2,63,83,0.5819833439722263,0.5580842611352488,0.10106998473275396,0.10106998473275396,0.15261044176706828,0.33076510548597665,0.16713808248314058,1,1,0.024096385542168676,0.8233174908292245
f__pymfe.info-theory.attr_ent.histogram.6,23,51,0.05118670750328604,0.04314723063406679,0.1009119827320343,0.1009119827320343,0.11935208866155157,0.9491038497409651,0.13525762618802492,0,1,0.0196078431372549,1.0
f__pymfe.model-based.nodes_repeated.histogram.6,63,83,0.04034156261514753,0.034687166226459176,0.10085710252762549,0.10085710252762549,0.20558424172882003,0.08124324191407263,0.1973784544738421,0,0,0.0,0.49897669267531963
f__pymfe.statistical.sd.histogram.2,63,83,0.052385979056935816,0.0616603666394215,-0.10079402199057644,0.10079402199057644,0.07343660355708548,0.9791562586726517,0.12661174484630713,0,4,0.04819277108433735,1.0
f__pymfe.statistical.g_mean.skewness,37,42,1.5809388296518716,1.2894164907185888,0.10076061600183603,0.10076061600183603,0.2947232947232947,0.050619085790390025,0.42009269670384275,0,1,0.023809523809523808,0.41399180878568986
f__pymfe.statistical.h_mean.histogram.2,47,50,0.031876910451700186,0.03963594637441411,-0.10018232132192469,0.10018232132192469,0.12170212765957447,0.8032447900195105,0.19383233310993986,0,1,0.02,1.0
f__pymfe.model-based.tree_depth.kurtosis,63,83,0.04202917958142398,-0.05924983326138473,0.10011735569747426,0.10011735569747426,0.15796519410977242,0.29264082072268305,0.2634693106328027,5,0,0.060240963855421686,0.8037317757243894
f__pymfe.statistical.sparsity.histogram.3,71,100,0.07009635507668958,0.057723528845010745,0.09899259847444718,0.09899259847444718,0.05267605633802817,0.9992191916322413,0.11259077491016468,0,0,0.0,1.0
f__pymfe.model-based.leaves_homo.histogram.5,63,83,0.03733759119599573,0.04656502532265154,-0.0974688901558035,0.0974688901558035,0.15681774717919297,0.3012077106955313,0.1708477130463366,7,1,0.0963855421686747,0.8128551519275029
f__pymfe.landmarking.best_node.max.relative,71,100,3.0950704225352115,3.25,-0.09708029253976018,0.09708029253976018,0.10507042253521126,0.6986317199083456,0.1785947359626769,0,0,0.0,1.0
f__pymfe.landmarking.best_node.quantiles.4.relative,71,100,3.0950704225352115,3.25,-0.09708029253976018,0.09708029253976018,0.10507042253521126,0.6986317199083456,0.1785947359626769,0,0,0.0,1.0
f__pymfe.relative.best_node.max.relative,71,100,3.0950704225352115,3.25,-0.09708029253976018,0.09708029253976018,0.10507042253521126,0.6986317199083456,0.1785947359626769,0,0,0.0,1.0
f__pymfe.relative.best_node.quantiles.4.relative,71,100,3.0950704225352115,3.25,-0.09708029253976018,0.09708029253976018,0.10507042253521126,0.6986317199083456,0.1785947359626769,0,0,0.0,1.0
f__pymfe.statistical.var.histogram.0,63,83,0.548887721562255,0.5168459355233679,0.09675366744914178,0.09675366744914178,0.1449607955632052,0.39105875861222344,0.1263576992755397,0,2,0.024096385542168676,0.8718243989820778
f__pymfe.model-based.nodes_per_level.skewness,63,81,0.46145817760918867,0.49433185537028956,-0.09626106750869788,0.09626106750869788,0.13932980599647266,0.4518146063960887,0.20717966696952153,0,0,0.0,0.8821666431826191
f__pymfe.landmarking.best_node.histogram.2,63,83,0.03650793650793651,0.04156626506024096,-0.09595966817393416,0.09595966817393416,0.04781028877414419,0.9999629777455898,0.14090966183198983,0,2,0.024096385542168676,1.0
f__pymfe.relative.best_node.histogram.2,63,83,0.03650793650793651,0.04156626506024096,-0.09595966817393416,0.09595966817393416,0.04781028877414419,0.9999629777455898,0.14090966183198983,0,2,0.024096385542168676,1.0
f__pymfe.landmarking.random_node.histogram.2.relative,71,100,3.8380281690140845,3.71,0.09581677875860416,0.09581677875860416,0.09802816901408451,0.7716183493244376,0.1381265910397791,1,1,0.02,1.0
f__pymfe.relative.random_node.histogram.2.relative,71,100,3.8380281690140845,3.71,0.09581677875860416,0.09581677875860416,0.09802816901408451,0.7716183493244376,0.1381265910397791,1,1,0.02,1.0
f__pymfe.landmarking.worst_node.histogram.4,63,83,0.029365079365079365,0.024698795180722894,0.09532710483640211,0.09532710483640211,0.03270223752151463,0.9999999997073845,0.09554961207121998,0,0,0.0,1.0
f__pymfe.relative.worst_node.histogram.4,63,83,0.029365079365079365,0.024698795180722894,0.09532710483640211,0.09532710483640211,0.03270223752151463,0.9999999997073845,0.09554961207121998,0,0,0.0,1.0
f__pymfe.statistical.max.histogram.2,63,83,0.04873913273559266,0.03918736680127235,0.09526664959575744,0.09526664959575744,0.06942053930005737,0.9881683180740474,0.14322382658591581,0,0,0.0,1.0
f__pymfe.statistical.skewness.skewness,59,69,0.9697716467766769,0.8275393533175376,0.0952106922102068,0.0952106922102068,0.1967575534266765,0.14496546089029244,0.2651074103737728,0,0,0.0,0.6263601989410749
f__pymfe.landmarking.random_node.histogram.1.relative,71,100,3.732394366197183,3.8475,-0.09470482109333198,0.09470482109333198,0.06915492957746479,0.9774319874011269,0.11113367533648415,1,1,0.02,1.0
f__pymfe.relative.random_node.histogram.1.relative,71,100,3.732394366197183,3.8475,-0.09470482109333198,0.09470482109333198,0.06915492957746479,0.9774319874011269,0.11113367533648415,1,1,0.02,1.0
f__pymfe.model-based.leaves_branch.histogram.1,63,83,0.07580842756564227,0.08299170175785386,-0.09363266671420913,0.09363266671420913,0.12392426850258176,0.585824969050145,0.17909622357899052,0,0,0.0,0.9717925317081479
f__pymfe.general.freq_class.median,71,100,0.32793209775617516,0.34576940769592207,-0.09358997144107424,0.09358997144107424,0.15183098591549296,0.25894561958435386,0.18396794304417713,12,0,0.12,0.7896999803095746
f__pymfe.general.freq_class.quantiles.2,71,100,0.32793209775617516,0.34576940769592207,-0.09358997144107424,0.09358997144107424,0.15183098591549296,0.25894561958435386,0.18396794304417713,12,0,0.12,0.7896999803095746
f__pymfe.model-based.leaves_corrob.histogram.4,63,83,0.006424392868461627,0.008551753987760952,-0.09343085578940305,0.09343085578940305,0.11665710460891184,0.658720245239503,0.24634808552050716,0,0,0.0,0.9928026827687558
f__pymfe.statistical.sparsity.histogram.1,71,100,0.07737017704378765,0.06676311876055674,0.0927641091970724,0.0927641091970724,0.13112676056338027,0.42663970035762355,0.13576836475039722,0,1,0.01,0.8723258159097839
f__pymfe.landmarking.best_node.histogram.7.relative,71,100,3.426056338028169,3.2925,0.0927484136266339,0.0927484136266339,0.07450704225352113,0.9569469765651711,0.14535188298085644,0,0,0.0,1.0
f__pymfe.relative.best_node.histogram.7.relative,71,100,3.426056338028169,3.2925,0.0927484136266339,0.0927484136266339,0.07450704225352113,0.9569469765651711,0.14535188298085644,0,0,0.0,1.0
f__pymfe.model-based.tree_imbalance.histogram.7,63,83,0.013622157330017148,0.015692795949427067,-0.0921686555761417,0.0921686555761417,0.12335054503729202,0.5908077914400469,0.1789169832020122,0,1,0.012048192771084338,0.9743956899086752
f__pymfe.info-theory.attr_conc.quantiles.1,21,47,0.02313346393512039,0.01903241233644287,0.09206023641038524,0.09206023641038524,0.2988855116514691,0.11900915190250452,0.3787554477359891,1,0,0.02127659574468085,0.5561856282790518
f__pymfe.landmarking.best_node.histogram.9,63,83,0.17857142857142855,0.16265060240963855,0.09178318233877966,0.09178318233877966,0.08127749091604514,0.9507959327672699,0.22219342672109058,0,0,0.0,1.0
f__pymfe.relative.best_node.histogram.9,63,83,0.17857142857142855,0.16265060240963855,0.09178318233877966,0.09178318233877966,0.08127749091604514,0.9507959327672699,0.22219342672109058,0,0,0.0,1.0
f__pymfe.info-theory.class_conc.histogram.8,23,51,0.01704118083356116,0.021967715565391198,-0.09152484383676421,0.09152484383676421,0.06990622335890878,0.9999612938155067,0.15698503879170142,0,1,0.0196078431372549,1.0
f__pymfe.statistical.range.histogram.7,63,83,0.01964601267243897,0.02493373190884573,-0.0898779401094563,0.0898779401094563,0.09676802447886786,0.8488522582712495,0.16143851009550134,0,1,0.012048192771084338,1.0
f__pymfe.landmarking.best_node.histogram.1,63,83,0.023015873015873017,0.027108433734939763,-0.08956906615438406,0.08956906615438406,0.047236565308854464,0.9999712527845305,0.08978999513250574,0,0,0.0,1.0
f__pymfe.relative.best_node.histogram.1,63,83,0.023015873015873017,0.027108433734939763,-0.08956906615438406,0.08956906615438406,0.047236565308854464,0.9999712527845305,0.08978999513250574,0,0,0.0,1.0
f__pymfe.landmarking.best_node.histogram.3.relative,71,100,3.2359154929577465,3.3575,-0.0892669087467699,0.0892669087467699,0.11873239436619719,0.5511891545011792,0.19289975491542147,0,0,0.0,0.9500604458767637
f__pymfe.relative.best_node.histogram.3.relative,71,100,3.2359154929577465,3.3575,-0.0892669087467699,0.0892669087467699,0.11873239436619719,0.5511891545011792,0.19289975491542147,0,0,0.0,0.9500604458767637
f__pymfe.statistical.var.histogram.6,63,83,0.02536004842817147,0.020528384195052124,0.08851517851170342,0.08851517851170342,0.1202906865557468,0.622007360367189,0.11499833166187219,0,0,0.0,0.9743956899086752
f__pymfe.statistical.sparsity.histogram.2,71,100,0.03645963350611206,0.0430681364147911,-0.08837928164573215,0.08837928164573215,0.06549295774647887,0.986712271376184,0.10698525282792481,0,3,0.03,1.0
f__pymfe.model-based.tree_imbalance.quantiles.3,63,83,0.09214422246336637,0.0987726501162686,-0.08818597229440829,0.08818597229440829,0.10977242302543508,0.727503816207285,0.2208934491309102,1,7,0.0963855421686747,1.0
f__pymfe.landmarking.one_nn.histogram.7,63,83,0.06984126984126982,0.06506024096385542,0.08786334002944525,0.08786334002944525,0.03939567794989482,0.9999997135370925,0.08808337036140856,0,0,0.0,1.0
f__pymfe.relative.one_nn.histogram.7,63,83,0.06984126984126982,0.06506024096385542,0.08786334002944525,0.08786334002944525,0.03939567794989482,0.9999997135370925,0.08808337036140856,0,0,0.0,1.0
f__pymfe.statistical.cov.skewness,61,77,7.984794395926497,6.9839523362955385,0.08761789485447155,0.08761789485447155,0.1492441984245263,0.3852844743944435,0.12122580394832669,4,0,0.05194805194805195,0.8718243989820778
f__pymfe.statistical.sd.histogram.8,63,83,0.028473379002542362,0.023391374948959823,0.08740475584393247,0.08740475584393247,0.11646586345381527,0.6611314955443652,0.1568321448162226,0,0,0.0,0.9932462861833341
f__pymfe.landmarking.one_nn.range.relative,71,100,4.661971830985915,4.785,-0.08738077670269138,0.08738077670269138,0.08126760563380282,0.9186916791778665,0.14814997110600686,0,0,0.0,1.0
f__pymfe.relative.one_nn.range.relative,71,100,4.661971830985915,4.785,-0.08738077670269138,0.08738077670269138,0.08126760563380282,0.9186916791778665,0.14814997110600686,0,0,0.0,1.0
f__pymfe.landmarking.one_nn.skewness,63,83,-0.13088995384988433,-0.09548925460124072,-0.08710240962972168,0.08710240962972168,0.13769363166953527,0.45377782096719804,0.1564025482689688,0,1,0.012048192771084338,0.8827740861776924
f__pymfe.relative.one_nn.skewness,63,83,-0.13088995384988433,-0.09548925460124072,-0.08710240962972168,0.08710240962972168,0.13769363166953527,0.45377782096719804,0.1564025482689688,0,1,0.012048192771084338,0.8827740861776924
f__pymfe.landmarking.naive_bayes.max,63,83,0.7323273228598942,0.7160501182735515,0.0868443281820286,0.0868443281820286,0.14362210747752915,0.40244543099673985,0.25821743457417706,2,0,0.024096385542168676,0.8718243989820778
f__pymfe.landmarking.naive_bayes.quantiles.4,63,83,0.7323273228598942,0.7160501182735515,0.0868443281820286,0.0868443281820286,0.14362210747752915,0.40244543099673985,0.25821743457417706,2,0,0.024096385542168676,0.8718243989820778
f__pymfe.relative.naive_bayes.max,63,83,0.7323273228598942,0.7160501182735515,0.0868443281820286,0.0868443281820286,0.14362210747752915,0.40244543099673985,0.25821743457417706,2,0,0.024096385542168676,0.8718243989820778
f__pymfe.relative.naive_bayes.quantiles.4,63,83,0.7323273228598942,0.7160501182735515,0.0868443281820286,0.0868443281820286,0.14362210747752915,0.40244543099673985,0.25821743457417706,2,0,0.024096385542168676,0.8718243989820778
f__pymfe.landmarking.linear_discr.skewness,62,83,-0.03903366468828927,0.0007838318431473403,-0.08642012284928165,0.08642012284928165,0.13952584531675088,0.44046578335722114,0.24122278306077402,2,6,0.0963855421686747,0.8790429633980655
f__pymfe.relative.linear_discr.skewness,62,83,-0.03903366468828927,0.0007838318431473403,-0.08642012284928165,0.08642012284928165,0.13952584531675088,0.44046578335722114,0.24122278306077402,2,6,0.0963855421686747,0.8790429633980655
f__pymfe.statistical.h_mean.histogram.0,47,50,0.4823850632652643,0.4527046058816209,0.08624183481209824,0.08624183481209824,0.13702127659574467,0.6807688013138817,0.25184873347875897,0,1,0.02,1.0
f__pymfe.statistical.cov.histogram.0,62,80,0.7238791548395748,0.6984417923648553,0.08604010557836878,0.08604010557836878,0.11290322580645161,0.710325848217464,0.12429946271335132,0,0,0.0,1.0
f__pymfe.statistical.can_cor.max,63,83,0.6771276912807038,0.6559422889103524,0.08543208488070016,0.08543208488070016,0.2117039586919105,0.06696580284116085,0.22456745619496568,1,1,0.024096385542168676,0.4491472048300454
f__pymfe.statistical.can_cor.quantiles.4,63,83,0.6771276912807038,0.6559422889103524,0.08543208488070016,0.08543208488070016,0.2117039586919105,0.06696580284116085,0.22456745619496568,1,1,0.024096385542168676,0.4491472048300454
f__pymfe.model-based.tree_imbalance.iq_range,63,83,0.0817975448800442,0.07768007879919402,0.08539847194460978,0.08539847194460978,0.12182061579651941,0.6060512954096888,0.18618886232848988,2,1,0.03614457831325301,0.9743956899086752
f__pymfe.model-based.leaves_per_class.histogram.8,63,83,0.02207461850318993,0.027777212747092262,-0.08521970368152829,0.08521970368152829,0.04819277108433735,0.9999558541349903,0.13759560704096452,0,4,0.04819277108433735,1.0
f__pymfe.landmarking.elite_nn.histogram.7,63,83,0.06746031746031744,0.06265060240963856,0.08509748256933586,0.08509748256933586,0.09772423025435073,0.8398857816271013,0.18504846293402014,0,1,0.012048192771084338,1.0
f__pymfe.relative.elite_nn.histogram.7,63,83,0.06746031746031744,0.06265060240963856,0.08509748256933586,0.08509748256933586,0.09772423025435073,0.8398857816271013,0.18504846293402014,0,1,0.012048192771084338,1.0
f__pymfe.model-based.tree_shape.histogram.0,63,83,0.6963168282045301,0.6747498827618816,0.08386543197513367,0.08386543197513367,0.1095811818703385,0.729599956989905,0.12438304210067755,1,1,0.024096385542168676,1.0
f__pymfe.statistical.cor.sd,58,67,0.1831868218106584,0.1761410374575714,0.0838249518591446,0.0838249518591446,0.15105506948018527,0.4223360298074206,0.2144547506057341,1,0,0.014925373134328358,0.8718243989820778
f__pymfe.statistical.cov.histogram.8,62,80,0.005570352160532951,0.0083398864016414,-0.08292989782538497,0.08292989782538497,0.12983870967741937,0.5431171340111489,0.1149083523690507,0,1,0.0125,0.9500604458767637
f__pymfe.general.nr_attr,71,100,183.7605633802817,249.76,-0.08290088795246243,0.08290088795246243,0.21647887323943663,0.03376443314875011,0.16628469772816384,8,3,0.11,0.35084167237425995
f__pymfe.statistical.sparsity.count,71,100,183.7605633802817,249.76,-0.08290088795246243,0.08290088795246243,0.21647887323943663,0.03376443314875011,0.16628469772816384,8,3,0.11,0.35084167237425995
f__pymfe.statistical.can_cor.histogram.2,63,83,0.015287855883093978,0.02008151654235991,-0.0828729119294603,0.0828729119294603,0.03231975521132148,0.9999999998197655,0.08562795726524783,0,1,0.012048192771084338,1.0
f__pymfe.landmarking.worst_node.skewness,50,71,0.1419754298166296,0.057632849625403715,0.08276098669469752,0.08276098669469752,0.13098591549295774,0.6345928484916441,0.18984876003578302,0,0,0.0,0.9764152113091069
f__pymfe.relative.worst_node.skewness,50,71,0.1419754298166296,0.057632849625403715,0.08276098669469752,0.08276098669469752,0.13098591549295774,0.6345928484916441,0.18984876003578302,0,0,0.0,0.9764152113091069
f__pymfe.general.freq_class.histogram.9,71,100,0.3489604292421194,0.3653710307236623,-0.08272366287907457,0.08272366287907457,0.13309859154929576,0.4077221598999061,0.1254843513844192,0,0,0.0,0.8718243989820778
f__pymfe.statistical.cor.histogram.6,59,70,0.049303668588531406,0.043936184083550295,0.08242291615362769,0.08242291615362769,0.15472154963680387,0.37738482725776745,0.15383404718841706,0,0,0.0,0.8718243989820778
f__pymfe.model-based.leaves_branch.skewness,63,82,0.28309220495316356,0.3256475067560966,-0.08234976314909473,0.08234976314909473,0.09969028261711188,0.8243307573456887,0.21907334492720565,4,0,0.04878048780487805,1.0
f__pymfe.landmarking.linear_discr.histogram.2.relative,71,100,4.235915492957746,4.1375,0.08232254250897753,0.08232254250897753,0.11394366197183099,0.6006989009005805,0.1607734006279093,0,0,0.0,0.9743956899086752
f__pymfe.relative.linear_discr.histogram.2.relative,71,100,4.235915492957746,4.1375,0.08232254250897753,0.08232254250897753,0.11394366197183099,0.6006989009005805,0.1607734006279093,0,0,0.0,0.9743956899086752
f__pymfe.landmarking.random_node.histogram.5.relative,71,100,4.971830985915493,4.8525,0.08193678786749642,0.08193678786749642,0.07098591549295774,0.9714401733957237,0.11007110773134827,0,0,0.0,1.0
f__pymfe.relative.random_node.histogram.5.relative,71,100,4.971830985915493,4.8525,0.08193678786749642,0.08193678786749642,0.07098591549295774,0.9714401733957237,0.11007110773134827,0,0,0.0,1.0
f__pymfe.landmarking.one_nn.kurtosis,63,83,-1.0493547515634334,-1.1009578034743392,0.08135847268304573,0.08135847268304573,0.12411550965767833,0.5833179214040727,0.14047633085176933,1,0,0.012048192771084338,0.9717925317081479
f__pymfe.relative.one_nn.kurtosis,63,83,-1.0493547515634334,-1.1009578034743392,0.08135847268304573,0.08135847268304573,0.12411550965767833,0.5833179214040727,0.14047633085176933,1,0,0.012048192771084338,0.9717925317081479
f__pymfe.landmarking.elite_nn.histogram.3,63,83,0.06984126984126983,0.07409638554216866,-0.08028424507711449,0.08028424507711449,0.048575253394530504,0.9999480901338371,0.15755906481724535,0,0,0.0,1.0
f__pymfe.relative.elite_nn.histogram.3,63,83,0.06984126984126983,0.07409638554216866,-0.08028424507711449,0.08028424507711449,0.048575253394530504,0.9999480901338371,0.15755906481724535,0,0,0.0,1.0
f__pymfe.statistical.skewness.iq_range,60,72,2.256793089180032,2.8486497969299482,-0.07975559408032849,0.07975559408032849,0.14166666666666666,0.48227646282510883,0.20582078609680124,0,2,0.027777777777777776,0.9014479966593116
f__pymfe.landmarking.worst_node.histogram.3,63,83,0.026190476190476195,0.030120481927710843,-0.07871120770729359,0.07871120770729359,0.060240963855421686,0.9979046679081128,0.15995880996086997,0,5,0.060240963855421686,1.0
f__pymfe.relative.worst_node.histogram.3,63,83,0.026190476190476195,0.030120481927710843,-0.07871120770729359,0.07871120770729359,0.060240963855421686,0.9979046679081128,0.15995880996086997,0,5,0.060240963855421686,1.0
f__pymfe.landmarking.linear_discr.histogram.3,63,83,0.07619047619047617,0.07168674698795181,0.07839577350692431,0.07839577350692431,0.03518837253777013,0.999999994439362,0.07860745409726538,0,0,0.0,1.0
f__pymfe.relative.linear_discr.histogram.3,63,83,0.07619047619047617,0.07168674698795181,0.07839577350692431,0.07839577350692431,0.03518837253777013,0.999999994439362,0.07860745409726538,0,0,0.0,1.0
f__pymfe.model-based.nodes_repeated.count,63,83,105.82539682539682,81.13253012048193,0.07829048992787498,0.07829048992787498,0.2247083572384777,0.04403793238545221,0.11250892053083279,0,0,0.0,0.37346201422370556
f__pymfe.landmarking.one_nn.histogram.0,63,83,0.12063492063492061,0.12349397590361445,-0.07772145873814527,0.07772145873814527,0.06750812774909161,0.9911463539987291,0.12119911983458359,0,0,0.0,1.0
f__pymfe.relative.one_nn.histogram.0,63,83,0.12063492063492061,0.12349397590361445,-0.07772145873814527,0.07772145873814527,0.06750812774909161,0.9911463539987291,0.12119911983458359,0,0,0.0,1.0
f__pymfe.info-theory.attr_conc.histogram.3,21,47,0.03625025767882908,0.04012234810107148,-0.07747696352545086,0.07747696352545086,0.1458966565349544,0.8625511246273307,0.1814274100003043,0,2,0.0425531914893617,1.0
f__pymfe.statistical.g_mean.histogram.1,47,50,0.038971734173033866,0.04500656172501267,-0.07736203379180154,0.07736203379180154,0.1123404255319149,0.8733885579478873,0.12489531952697615,0,1,0.02,1.0
f__pymfe.statistical.t_mean.histogram.3,63,83,0.055594555998688025,0.04912567524329338,0.07699644667381231,0.07699644667381231,0.11914323962516733,0.6319558986026759,0.16839823351022565,0,0,0.0,0.9764152113091069
f__pymfe.landmarking.naive_bayes.histogram.2.relative,71,100,4.200704225352113,4.1225,0.07660293129806284,0.07660293129806284,0.12070422535211267,0.5298349180397889,0.13602221595316685,1,0,0.01,0.9457966298638993
f__pymfe.relative.naive_bayes.histogram.2.relative,71,100,4.200704225352113,4.1225,0.07660293129806284,0.07660293129806284,0.12070422535211267,0.5298349180397889,0.13602221595316685,1,0,0.01,0.9457966298638993
f__pymfe.statistical.iq_range.histogram.6,63,83,0.030368554902253164,0.025394862728710818,0.07639982078179942,0.07639982078179942,0.1038439472174412,0.7846808697393527,0.1359676782313081,0,0,0.0,1.0
f__pymfe.model-based.tree_depth.quantiles.1,63,83,7.666666666666667,8.075301204819278,-0.07636336580727525,0.07636336580727525,0.13807611397972844,0.4498486115058734,0.25958694427564705,8,2,0.12048192771084337,0.8821666431826191
f__pymfe.model-based.nodes_repeated.kurtosis,62,78,0.20624704665999388,0.4390896668775598,-0.07574009337229316,0.07574009337229316,0.2584780810587262,0.01546271672691428,0.265872187515126,0,2,0.02564102564102564,0.2103205337714047
f__pymfe.statistical.can_cor.iq_range,63,83,0.10214233856521514,0.09118308191727796,0.07544554060487282,0.07544554060487282,0.11856951615987761,0.6377459302811197,0.17556351610673296,0,0,0.0,0.9764152113091069
f__pymfe.landmarking.random_node.iq_range.relative,71,100,3.045774647887324,3.17,-0.0751924484400149,0.0751924484400149,0.09507042253521127,0.8028338340301515,0.16806980126641594,0,0,0.0,1.0
f__pymfe.relative.random_node.iq_range.relative,71,100,3.045774647887324,3.17,-0.0751924484400149,0.0751924484400149,0.09507042253521127,0.8028338340301515,0.16806980126641594,0,0,0.0,1.0
f__pymfe.model-based.leaves_per_class.range,63,83,0.12704371274256476,0.1364106300540314,-0.07371604806192428,0.07371604806192428,0.1688659399502773,0.22528451551366707,0.2337118147877012,4,3,0.08433734939759036,0.747683392067098
f__pymfe.landmarking.linear_discr.max,63,83,0.7608538972020837,0.7465007082906661,0.07280897696270215,0.07280897696270215,0.07228915662650602,0.9821016379638272,0.1411385390304419,6,0,0.07228915662650602,1.0
f__pymfe.landmarking.linear_discr.quantiles.4,63,83,0.7608538972020837,0.7465007082906661,0.07280897696270215,0.07280897696270215,0.07228915662650602,0.9821016379638272,0.1411385390304419,6,0,0.07228915662650602,1.0
f__pymfe.relative.linear_discr.max,63,83,0.7608538972020837,0.7465007082906661,0.07280897696270215,0.07280897696270215,0.07228915662650602,0.9821016379638272,0.1411385390304419,6,0,0.07228915662650602,1.0
f__pymfe.relative.linear_discr.quantiles.4,63,83,0.7608538972020837,0.7465007082906661,0.07280897696270215,0.07280897696270215,0.07228915662650602,0.9821016379638272,0.1411385390304419,6,0,0.07228915662650602,1.0
f__pymfe.model-based.nodes_per_level.histogram.9,63,83,0.10948916781309491,0.11327015216726224,-0.07256171192411504,0.07256171192411504,0.15299292407726142,0.3286524711319435,0.34414076402568305,3,10,0.1566265060240964,0.821109456820291
f__pymfe.landmarking.best_node.histogram.1.relative,71,100,3.2640845070422535,3.17,0.07216945655034342,0.07216945655034342,0.08788732394366197,0.8678615493570455,0.1739646956348224,0,1,0.01,1.0
f__pymfe.relative.best_node.histogram.1.relative,71,100,3.2640845070422535,3.17,0.07216945655034342,0.07216945655034342,0.08788732394366197,0.8678615493570455,0.1739646956348224,0,1,0.01,1.0
f__pymfe.statistical.sparsity.median,71,100,0.10322212174616115,0.11479959493049108,-0.07184686828419187,0.07184686828419187,0.08591549295774648,0.883961742768381,0.08802167305218339,0,1,0.01,1.0
f__pymfe.statistical.sparsity.quantiles.2,71,100,0.10322212174616115,0.11479959493049108,-0.07184686828419187,0.07184686828419187,0.08591549295774648,0.883961742768381,0.08802167305218339,0,1,0.01,1.0
f__pymfe.statistical.median.histogram.1,63,83,0.048208371491350085,0.05407240846385351,-0.07154782694345849,0.07154782694345849,0.08280742015681775,0.9424925543274952,0.14159790457169924,0,2,0.024096385542168676,1.0
f__pymfe.landmarking.elite_nn.quantiles.3.relative,71,100,3.4049295774647885,3.5025,-0.07120115726749193,0.07120115726749193,0.06366197183098592,0.990133239837095,0.13024297160347062,0,5,0.05,1.0
f__pymfe.relative.elite_nn.quantiles.3.relative,71,100,3.4049295774647885,3.5025,-0.07120115726749193,0.07120115726749193,0.06366197183098592,0.990133239837095,0.13024297160347062,0,5,0.05,1.0
f__pymfe.landmarking.best_node.min.relative,71,100,3.5774647887323945,3.6925,-0.07100681066216652,0.07100681066216652,0.1128169014084507,0.6146707408592553,0.1733019081560418,0,0,0.0,0.9743956899086752
f__pymfe.landmarking.best_node.quantiles.0.relative,71,100,3.5774647887323945,3.6925,-0.07100681066216652,0.07100681066216652,0.1128169014084507,0.6146707408592553,0.1733019081560418,0,0,0.0,0.9743956899086752
f__pymfe.relative.best_node.min.relative,71,100,3.5774647887323945,3.6925,-0.07100681066216652,0.07100681066216652,0.1128169014084507,0.6146707408592553,0.1733019081560418,0,0,0.0,0.9743956899086752
f__pymfe.relative.best_node.quantiles.0.relative,71,100,3.5774647887323945,3.6925,-0.07100681066216652,0.07100681066216652,0.1128169014084507,0.6146707408592553,0.1733019081560418,0,0,0.0,0.9743956899086752
f__pymfe.landmarking.naive_bayes.kurtosis.relative,71,100,3.5774647887323945,3.665,-0.07066132904315289,0.07066132904315289,0.06070422535211267,0.9943701597843867,0.14626871240112993,0,0,0.0,1.0
f__pymfe.relative.naive_bayes.kurtosis.relative,71,100,3.5774647887323945,3.665,-0.07066132904315289,0.07066132904315289,0.06070422535211267,0.9943701597843867,0.14626871240112993,0,0,0.0,1.0
f__pymfe.landmarking.best_node.histogram.8.relative,71,100,3.1443661971830985,3.2325,-0.07058364876020577,0.07058364876020577,0.11985915492957747,0.5377267794239355,0.19653095572683243,0,1,0.01,0.9500604458767637
f__pymfe.relative.best_node.histogram.8.relative,71,100,3.1443661971830985,3.2325,-0.07058364876020577,0.07058364876020577,0.11985915492957747,0.5377267794239355,0.19653095572683243,0,1,0.01,0.9500604458767637
f__pymfe.statistical.var.histogram.8,63,83,0.024618417027623313,0.020499148546124654,0.07041113784811294,0.07041113784811294,0.07707018550392045,0.9681648444029737,0.08894735681706654,0,0,0.0,1.0
f__pymfe.statistical.sparsity.histogram.7,71,100,0.006877789267424288,0.005328585613269889,0.06994845175058441,0.06994845175058441,0.044507042253521124,0.999967313941749,0.1010060911119399,0,0,0.0,1.0
f__pymfe.model-based.leaves_branch.histogram.4,63,83,0.12574570872612653,0.1210307397269303,0.06966311286630258,0.06966311286630258,0.09275196022183974,0.8808627510192575,0.14418320717476354,0,1,0.012048192771084338,1.0
f__pymfe.model-based.var_importance.histogram.3,63,83,0.043858604980696776,0.0389967881601424,0.06965491070209484,0.06965491070209484,0.18148785618665136,0.16223509074080986,0.1732061647811612,0,1,0.012048192771084338,0.6583869631835904
f__pymfe.statistical.skewness.histogram.7,60,72,0.030906718411003214,0.02738162525901819,0.06942243141224172,0.06942243141224172,0.10277777777777777,0.8431557203735034,0.17366741727687604,0,4,0.05555555555555555,1.0
f__pymfe.statistical.sparsity.histogram.4,71,100,0.08716336253115103,0.07405484034728581,0.06884006546684596,0.06884006546684596,0.14619718309859156,0.2990714262425444,0.1131784151286639,0,0,0.0,0.812244784686362
f__pymfe.statistical.can_cor.mean,63,83,0.5737104551456323,0.5585232553748405,0.0684544799472607,0.0684544799472607,0.10881621724995219,0.7380453440236189,0.1471873570365104,1,1,0.024096385542168676,1.0
f__pymfe.landmarking.random_node.min,63,83,0.3759847907726427,0.3895469365992499,-0.06811922378825701,0.06811922378825701,0.08854465480971505,0.9102612771650267,0.12037750077757016,3,1,0.04819277108433735,1.0
f__pymfe.landmarking.random_node.quantiles.0,63,83,0.3759847907726427,0.3895469365992499,-0.06811922378825701,0.06811922378825701,0.08854465480971505,0.9102612771650267,0.12037750077757016,3,1,0.04819277108433735,1.0
f__pymfe.relative.random_node.min,63,83,0.3759847907726427,0.3895469365992499,-0.06811922378825701,0.06811922378825701,0.08854465480971505,0.9102612771650267,0.12037750077757016,3,1,0.04819277108433735,1.0
f__pymfe.relative.random_node.quantiles.0,63,83,0.3759847907726427,0.3895469365992499,-0.06811922378825701,0.06811922378825701,0.08854465480971505,0.9102612771650267,0.12037750077757016,3,1,0.04819277108433735,1.0
f__pymfe.statistical.median.histogram.2,63,83,0.050267503534942026,0.044286568099841384,0.06673573820436847,0.06673573820436847,0.11914323962516733,0.6319558986026759,0.20830370322172007,0,3,0.03614457831325301,0.9764152113091069
f__pymfe.landmarking.elite_nn.max.relative,71,100,3.5950704225352115,3.6825,-0.06663891131051271,0.06663891131051271,0.08380281690140845,0.900226364638497,0.18737714645017028,0,4,0.04,1.0
f__pymfe.landmarking.elite_nn.quantiles.4.relative,71,100,3.5950704225352115,3.6825,-0.06663891131051271,0.06663891131051271,0.08380281690140845,0.900226364638497,0.18737714645017028,0,4,0.04,1.0
f__pymfe.relative.elite_nn.max.relative,71,100,3.5950704225352115,3.6825,-0.06663891131051271,0.06663891131051271,0.08380281690140845,0.900226364638497,0.18737714645017028,0,4,0.04,1.0
f__pymfe.relative.elite_nn.quantiles.4.relative,71,100,3.5950704225352115,3.6825,-0.06663891131051271,0.06663891131051271,0.08380281690140845,0.900226364638497,0.18737714645017028,0,4,0.04,1.0
f__pymfe.statistical.sparsity.histogram.8,71,100,0.015421758517036064,0.011400065915099672,0.06580470809585343,0.06580470809585343,0.05267605633802817,0.9992191916322413,0.07573471171632652,0,0,0.0,1.0
f__pymfe.landmarking.one_nn.histogram.5,63,83,0.08095238095238093,0.08433734939759036,-0.06573981552000205,0.06573981552000205,0.021801491681009755,1.0,0.06593225870946731,0,1,0.012048192771084338,1.0
f__pymfe.relative.one_nn.histogram.5,63,83,0.08095238095238093,0.08433734939759036,-0.06573981552000205,0.06573981552000205,0.021801491681009755,1.0,0.06593225870946731,0,1,0.012048192771084338,1.0
f__pymfe.model-based.var_importance.histogram.7,63,83,0.01033094234299025,0.008449513859924323,0.06565355910094606,0.06565355910094606,0.06942053930005737,0.9881683180740474,0.1083561750433433,0,0,0.0,1.0
f__pymfe.statistical.t_mean.histogram.1,63,83,0.05308655100293168,0.0590163001346547,-0.06563361556227645,0.06563361556227645,0.09064830751577739,0.8943152739062397,0.1580790230906402,0,2,0.024096385542168676,1.0
f__pymfe.model-based.tree_depth.histogram.4,63,83,0.1654342261379936,0.16115766982101798,0.06503102541031242,0.06503102541031242,0.09103078982597054,0.8915629872441424,0.17936726741422734,0,5,0.060240963855421686,1.0
f__pymfe.statistical.median.histogram.3,63,83,0.047180234056924696,0.04211595006211733,0.06480698554827408,0.06480698554827408,0.13119143239625167,0.513185948048635,0.125489521817007,0,0,0.0,0.9305849261560656
f__pymfe.info-theory.mut_inf.histogram.5,23,51,0.11587476457686256,0.0994111617778232,0.06479418305649565,0.06479418305649565,0.09633418584825235,0.9932300358324655,0.10876644762287621,0,0,0.0,1.0
f__pymfe.info-theory.attr_conc.mean,21,47,0.08500099107351458,0.07816395731611935,0.0638408512919634,0.0638408512919634,0.28976697061803447,0.1378296371342554,0.43300179144327045,1,0,0.02127659574468085,0.6096015444487861
f__pymfe.statistical.skewness.histogram.5,60,72,0.06310923472576871,0.07447273357056244,-0.06358079518719094,0.06358079518719094,0.20555555555555555,0.10894827475873502,0.2071616057136633,0,0,0.0,0.538825990038217
f__pymfe.landmarking.elite_nn.histogram.2,63,83,0.0611111111111111,0.0644578313253012,-0.06350964829024114,0.06350964829024114,0.12048192771084337,0.6195606832354225,0.25733928937275685,0,10,0.12048192771084337,0.9743956899086752
f__pymfe.relative.elite_nn.histogram.2,63,83,0.0611111111111111,0.0644578313253012,-0.06350964829024114,0.06350964829024114,0.12048192771084337,0.6195606832354225,0.25733928937275685,0,10,0.12048192771084337,0.9743956899086752
f__pymfe.landmarking.best_node.histogram.5.relative,71,100,3.73943661971831,3.6325,0.06328065887770326,0.06328065887770326,0.0871830985915493,0.8743536271418356,0.10897192325641032,0,0,0.0,1.0
f__pymfe.relative.best_node.histogram.5.relative,71,100,3.73943661971831,3.6325,0.06328065887770326,0.06328065887770326,0.0871830985915493,0.8743536271418356,0.10897192325641032,0,0,0.0,1.0
f__pymfe.landmarking.one_nn.kurtosis.relative,71,100,3.5211267605633805,3.6,-0.06324476262490925,0.06324476262490925,0.06563380281690141,0.98638772822741,0.15935025549986784,0,0,0.0,1.0
f__pymfe.relative.one_nn.kurtosis.relative,71,100,3.5211267605633805,3.6,-0.06324476262490925,0.06324476262490925,0.06563380281690141,0.98638772822741,0.15935025549986784,0,0,0.0,1.0
f__pymfe.info-theory.attr_ent.skewness,21,48,0.34716012646513805,0.4417241151544271,-0.06211784440103084,0.06211784440103084,0.15178571428571427,0.830513152538235,0.1989382680476901,0,0,0.0,1.0
f__pymfe.statistical.iq_range.histogram.3,63,83,0.05367001620253364,0.0487446761141672,0.06194868808661428,0.06194868808661428,0.09753298909925416,0.8417071008490531,0.16950369731786247,0,0,0.0,1.0
f__pymfe.statistical.can_cor.min,63,83,0.44757635008823676,0.4639188624484764,-0.06178545181829039,0.06178545181829039,0.09600305985848155,0.8549512981175947,0.14028846383413726,1,1,0.024096385542168676,1.0
f__pymfe.statistical.can_cor.quantiles.0,63,83,0.44757635008823676,0.4639188624484764,-0.06178545181829039,0.06178545181829039,0.09600305985848155,0.8549512981175947,0.14028846383413726,1,1,0.024096385542168676,1.0
f__pymfe.general.freq_class.count,71,100,5.112676056338028,5.65,-0.06151602472511636,0.06151602472511636,0.08704225352112677,0.8757048416410067,0.20776746654888856,0,1,0.01,1.0
f__pymfe.general.nr_class,71,100,5.112676056338028,5.65,-0.06151602472511636,0.06151602472511636,0.08704225352112677,0.8757048416410067,0.20776746654888856,0,1,0.01,1.0
f__pymfe.model-based.leaves_branch.quantiles.1,63,83,8.77579365079365,9.102409638554217,-0.06092838480728303,0.06092838480728303,0.1539491298527443,0.3208066670927297,0.2663575498265275,8,2,0.12048192771084337,0.8185424191810081
f__pymfe.landmarking.elite_nn.histogram.9,63,83,0.12857142857142853,0.12469879518072288,0.0604783802306841,0.0604783802306841,0.030024861350162555,0.9999999999940461,0.09181442230225376,0,1,0.012048192771084338,1.0
f__pymfe.relative.elite_nn.histogram.9,63,83,0.12857142857142853,0.12469879518072288,0.0604783802306841,0.0604783802306841,0.030024861350162555,0.9999999999940461,0.09181442230225376,0,1,0.012048192771084338,1.0
f__pymfe.statistical.sd.histogram.6,63,83,0.038402543511290944,0.034533784777047535,0.06001445342952009,0.06001445342952009,0.17938420348058903,0.1713571063295244,0.2017839481095818,0,2,0.024096385542168676,0.6765651267148463
f__pymfe.landmarking.best_node.histogram.9.relative,71,100,3.6514084507042255,3.5475,0.05932131086122436,0.05932131086122436,0.07450704225352113,0.9569469765651711,0.12492708834435218,0,0,0.0,1.0
f__pymfe.relative.best_node.histogram.9.relative,71,100,3.6514084507042255,3.5475,0.05932131086122436,0.05932131086122436,0.07450704225352113,0.9569469765651711,0.12492708834435218,0,0,0.0,1.0
f__pymfe.info-theory.attr_conc.histogram.4,21,47,0.02883082525939667,0.02652090816984432,0.058400508799496556,0.058400508799496556,0.09625126646403243,0.9961753798056764,0.25142415729984907,0,0,0.0,1.0
f__pymfe.model-based.tree_shape.range,63,83,0.3242894514572757,0.3315864990270107,-0.05837500195623731,0.05837500195623731,0.12335054503729202,0.5908077914400469,0.11596988001937117,1,0,0.012048192771084338,0.9743956899086752
f__pymfe.info-theory.joint_ent.histogram.4,23,51,0.05324198573534515,0.05849047645406112,-0.058083301218607074,0.058083301218607074,0.14919011082693948,0.8081418020651735,0.17264861715694121,0,3,0.058823529411764705,1.0
f__pymfe.landmarking.worst_node.histogram.1.relative,71,100,3.887323943661972,3.9775,-0.05782576121549929,0.05782576121549929,0.06605633802816901,0.9854487658370082,0.0785269754855017,0,0,0.0,1.0
f__pymfe.relative.worst_node.histogram.1.relative,71,100,3.887323943661972,3.9775,-0.05782576121549929,0.05782576121549929,0.06605633802816901,0.9854487658370082,0.0785269754855017,0,0,0.0,1.0
f__pymfe.statistical.iq_range.histogram.2,63,83,0.06265330940893024,0.057289564458196864,0.05736174204061864,0.05736174204061864,0.08032128514056225,0.9553095905270664,0.09527217637207731,0,0,0.0,1.0
f__pymfe.statistical.min.kurtosis,50,73,10.358060015184876,8.700849302990454,0.0567149144144573,0.0567149144144573,0.13835616438356163,0.5612717681699338,0.11638859790895138,0,0,0.0,0.9567517988985378
f__pymfe.statistical.kurtosis.histogram.7,60,72,0.01893083349418513,0.016004321967745407,0.056629988948884866,0.056629988948884866,0.11944444444444445,0.6924969083064343,0.17665457260531922,0,2,0.027777777777777776,1.0
f__pymfe.statistical.eigenvalues.histogram.7,62,80,0.005460648182782396,0.006919566122634424,-0.05653492131164107,0.05653492131164107,0.022983870967741935,1.0,0.059631034417218745,0,0,0.0,1.0
f__pymfe.info-theory.joint_ent.histogram.9,23,51,0.20113927484426528,0.21107467634334934,-0.056193022614165415,0.056193022614165415,0.18329070758738278,0.5844407214368661,0.23746064991632404,0,0,0.0,0.9717925317081479
f__pymfe.landmarking.naive_bayes.histogram.5.relative,71,100,3.8098591549295775,3.75,0.056023542134005365,0.056023542134005365,0.046338028169014084,0.9999210976980943,0.0987224589528795,1,0,0.01,1.0
f__pymfe.relative.naive_bayes.histogram.5.relative,71,100,3.8098591549295775,3.75,0.056023542134005365,0.056023542134005365,0.046338028169014084,0.9999210976980943,0.0987224589528795,1,0,0.01,1.0
f__pymfe.model-based.tree_depth.histogram.8,63,83,0.06466038561845265,0.06191697792602447,0.055769828586088095,0.055769828586088095,0.17422069229298145,0.19637796566160445,0.20458323048526506,2,3,0.060240963855421686,0.7033979673967087
f__pymfe.landmarking.naive_bayes.skewness.relative,71,100,3.8028169014084505,3.725,0.05419527503695318,0.05419527503695318,0.0876056338028169,0.870334863979365,0.10036137947776301,0,0,0.0,1.0
f__pymfe.relative.naive_bayes.skewness.relative,71,100,3.8028169014084505,3.725,0.05419527503695318,0.05419527503695318,0.0876056338028169,0.870334863979365,0.10036137947776301,0,0,0.0,1.0
f__pymfe.landmarking.worst_node.skewness.relative,71,100,5.387323943661972,5.49,-0.05415115529332763,0.05415115529332763,0.06450704225352112,0.9887703368045134,0.09242228580142106,0,0,0.0,1.0
f__pymfe.relative.worst_node.skewness.relative,71,100,5.387323943661972,5.49,-0.05415115529332763,0.05415115529332763,0.06450704225352112,0.9887703368045134,0.09242228580142106,0,0,0.0,1.0
f__pymfe.statistical.sd.histogram.5,63,83,0.06471585976066521,0.07391118630011256,-0.054103931362481435,0.054103931362481435,0.12736660929432014,0.5503619719980626,0.17453668381052834,0,0,0.0,0.9500604458767637
f__pymfe.statistical.can_cor.quantiles.1,63,83,0.5250419970169268,0.5120796663248363,0.053343151526336396,0.053343151526336396,0.0749665327978581,0.9743112724018225,0.09500497222128597,1,1,0.024096385542168676,1.0
f__pymfe.statistical.min.histogram.8,63,83,0.031142309940161518,0.026878243532596605,0.052312080501050476,0.052312080501050476,0.07840887358959649,0.9626274159625534,0.15336331815917517,0,0,0.0,1.0
f__pymfe.landmarking.linear_discr.histogram.6.relative,71,100,3.890845070422535,3.95,-0.05219306905391757,0.05219306905391757,0.09690140845070423,0.7846693923483887,0.15088411317037875,0,0,0.0,1.0
f__pymfe.relative.linear_discr.histogram.6.relative,71,100,3.890845070422535,3.95,-0.05219306905391757,0.05219306905391757,0.09690140845070423,0.7846693923483887,0.15088411317037875,0,0,0.0,1.0
f__pymfe.statistical.cor.quantiles.1,59,70,0.13545417003085355,0.12626759850466635,0.05187073483829126,0.05187073483829126,0.1440677966101695,0.4636593111655546,0.14229360146658723,0,3,0.04285714285714286,0.8922519517387563
f__pymfe.general.freq_class.sd,71,100,0.18557878731330213,0.19540803271765347,-0.051267531332035016,0.051267531332035016,0.19802816901408452,0.06473329172645381,0.12894400097041236,0,2,0.02,0.43969265524366724
f__pymfe.statistical.mean.histogram.1,63,83,0.06164106556036894,0.057282349908036496,0.05119634733284997,0.05119634733284997,0.18588640275387264,0.14390348356365673,0.20571207223116011,0,3,0.03614457831325301,0.6234521193311939
f__pymfe.landmarking.best_node.histogram.7,63,83,0.04761904761904762,0.04457831325301204,0.05098455440814103,0.05098455440814103,0.06731688659399503,0.9913673273608111,0.18077577419788463,0,0,0.0,1.0
f__pymfe.relative.best_node.histogram.7,63,83,0.04761904761904762,0.04457831325301204,0.05098455440814103,0.05098455440814103,0.06731688659399503,0.9913673273608111,0.18077577419788463,0,0,0.0,1.0
f__pymfe.statistical.mad.histogram.5,63,83,0.09005253987223316,0.10266167682794418,-0.04993656926473868,0.04993656926473868,0.08299866131191433,0.941379426624634,0.06956759249103171,0,0,0.0,1.0
f__pymfe.info-theory.eq_num_attr,23,51,73.69943915677489,92.08690546101641,-0.049872049647829465,0.049872049647829465,0.42114236999147486,0.004726451170353835,0.24527026324086498,15,2,0.3333333333333333,0.13944150862178906
f__pymfe.statistical.sd.histogram.4,63,83,0.0487958304005841,0.04519187269012435,0.04945296007880446,0.04945296007880446,0.09064830751577739,0.8943152739062397,0.10021067668163454,0,0,0.0,1.0
f__pymfe.statistical.h_mean.skewness,37,42,1.565410512383566,1.4168586830835364,0.048740784502470026,0.048740784502470026,0.3185328185328185,0.027633654355662673,0.41147158038464915,0,1,0.023809523809523808,0.322249688968093
f__pymfe.statistical.range.skewness,57,78,0.8289032737579283,0.9575411697288303,-0.04856591179734774,0.04856591179734774,0.16734143049932523,0.27593366543704895,0.28741133258187374,1,3,0.05128205128205128,0.8037317757243894
f__pymfe.landmarking.linear_discr.histogram.4,63,83,0.08095238095238093,0.0783132530120482,0.04784667214775837,0.04784667214775837,0.046662841843564735,0.9999782639208894,0.1154755086435988,0,0,0.0,1.0
f__pymfe.relative.linear_discr.histogram.4,63,83,0.08095238095238093,0.0783132530120482,0.04784667214775837,0.04784667214775837,0.046662841843564735,0.9999782639208894,0.1154755086435988,0,0,0.0,1.0
f__pymfe.landmarking.elite_nn.median.relative,71,100,3.221830985915493,3.2875,-0.04779857491371762,0.04779857491371762,0.051830985915492955,0.9993792919115864,0.1148947110360469,0,4,0.04,1.0
f__pymfe.landmarking.elite_nn.quantiles.2.relative,71,100,3.221830985915493,3.2875,-0.04779857491371762,0.04779857491371762,0.051830985915492955,0.9993792919115864,0.1148947110360469,0,4,0.04,1.0
f__pymfe.relative.elite_nn.median.relative,71,100,3.221830985915493,3.2875,-0.04779857491371762,0.04779857491371762,0.051830985915492955,0.9993792919115864,0.1148947110360469,0,4,0.04,1.0
f__pymfe.relative.elite_nn.quantiles.2.relative,71,100,3.221830985915493,3.2875,-0.04779857491371762,0.04779857491371762,0.051830985915492955,0.9993792919115864,0.1148947110360469,0,4,0.04,1.0
f__pymfe.landmarking.random_node.histogram.3,63,83,0.052380952380952375,0.04879518072289157,0.04775071491022955,0.04775071491022955,0.11856951615987761,0.6377459302811197,0.2147316042082645,0,2,0.024096385542168676,0.9764152113091069
f__pymfe.relative.random_node.histogram.3,63,83,0.052380952380952375,0.04879518072289157,0.04775071491022955,0.04775071491022955,0.11856951615987761,0.6377459302811197,0.2147316042082645,0,2,0.024096385542168676,0.9764152113091069
f__pymfe.landmarking.worst_node.kurtosis,50,71,-0.058158706930294006,-0.14039364878489666,0.04673055024655753,0.04673055024655753,0.1712676056338028,0.30906251143914415,0.1163888387831948,5,0,0.07042253521126761,0.8171448009666713
f__pymfe.relative.worst_node.kurtosis,50,71,-0.058158706930294006,-0.14039364878489666,0.04673055024655753,0.04673055024655753,0.1712676056338028,0.30906251143914415,0.1163888387831948,5,0,0.07042253521126761,0.8171448009666713
f__pymfe.statistical.mean.histogram.3,63,83,0.05191533833074352,0.05597760676894181,-0.04578143892370174,0.04578143892370174,0.12239433926180913,0.5993409385311703,0.14766860198959525,0,1,0.012048192771084338,0.9743956899086752
f__pymfe.info-theory.class_conc.histogram.2,23,51,0.04408052108768088,0.047021733930196756,-0.04565487855414039,0.04565487855414039,0.10485933503836317,0.983575709677729,0.17468051464099243,0,0,0.0,1.0
f__pymfe.statistical.var.histogram.3,63,83,0.03990542896019881,0.037130653866123055,0.0456543100059876,0.0456543100059876,0.11149359342130427,0.7095792992251038,0.13105625347337252,0,0,0.0,1.0
f__pymfe.statistical.min.quantiles.3,63,83,21.027017096484496,33.55905854556722,-0.04474717520230278,0.04474717520230278,0.19410977242302543,0.11417642049492426,0.20384882435796947,6,1,0.08433734939759036,0.5477957480959916
f__pymfe.statistical.eigenvalues.kurtosis,62,80,83.37227989070536,72.48253996412723,0.04461280800763051,0.04461280800763051,0.23508064516129032,0.03408862786839076,0.12085770592415578,0,0,0.0,0.35084167237425995
f__pymfe.statistical.median.histogram.4,63,83,0.04302652254396141,0.04653809758692505,-0.044574735967357206,0.044574735967357206,0.043029259896729774,0.9999968292617927,0.074216324438824,0,0,0.0,1.0
f__pymfe.model-based.leaves_corrob.histogram.8,63,83,0.0038779911100135286,0.00455319929327333,-0.044295690081733924,0.044295690081733924,0.18493019697838975,0.14711868250339408,0.19661020126835496,0,2,0.024096385542168676,0.6305648343661516
f__pymfe.statistical.mean.histogram.5,63,83,0.0737516853426026,0.08138353495371807,-0.04371340144513028,0.04371340144513028,0.12239433926180913,0.5993409385311703,0.13820539103854,0,0,0.0,0.9743956899086752
f__pymfe.statistical.skewness.mean,60,72,2.552621975123139,2.8303568786137996,-0.04327529092256149,0.04327529092256149,0.1638888888888889,0.3075693657897341,0.23572740472943313,1,2,0.041666666666666664,0.8171448009666713
f__pymfe.statistical.kurtosis.kurtosis,59,69,9.797290760937194,8.31399077461226,0.04312558971229577,0.04312558971229577,0.26013264554163595,0.021108182477888066,0.17084929546873903,0,1,0.014492753623188406,0.2598612093376922
f__pymfe.statistical.median.histogram.5,63,83,0.09672884797485967,0.10667856192864968,-0.04287055348939107,0.04287055348939107,0.09428188946261236,0.8675101122893784,0.07189254043626367,0,0,0.0,1.0
f__pymfe.general.freq_class.kurtosis,58,98,-2.070451320892772,-2.001227832964218,-0.041896254858794245,0.041896254858794245,0.1203377902885292,0.6135988819345481,0.18179289596218023,0,0,0.0,0.9743956899086752
f__pymfe.model-based.leaves_branch.kurtosis,63,82,-0.058116257530421725,-0.10589901105850036,0.040850730798286904,0.040850730798286904,0.09504452187379017,0.863127159976412,0.203035631452804,4,0,0.04878048780487805,1.0
f__pymfe.info-theory.mut_inf.histogram.6,23,51,0.022246963007372694,0.024691583592909096,-0.04080680815285882,0.04080680815285882,0.10912190963341858,0.9772047655934518,0.2195367850170225,0,1,0.0196078431372549,1.0
f__pymfe.landmarking.elite_nn.histogram.5,63,83,0.09841269841269838,0.10421686746987953,-0.040545867987805684,0.040545867987805684,0.09179575444635686,0.8867295021423016,0.1074250140702569,0,0,0.0,1.0
f__pymfe.relative.elite_nn.histogram.5,63,83,0.09841269841269838,0.10421686746987953,-0.040545867987805684,0.040545867987805684,0.09179575444635686,0.8867295021423016,0.1074250140702569,0,0,0.0,1.0
f__pymfe.landmarking.elite_nn.skewness.relative,71,100,3.535211267605634,3.5925,-0.03930008288191027,0.03930008288191027,0.09112676056338029,0.840092856168996,0.19210231088342644,0,0,0.0,1.0
f__pymfe.relative.elite_nn.skewness.relative,71,100,3.535211267605634,3.5925,-0.03930008288191027,0.03930008288191027,0.09112676056338029,0.840092856168996,0.19210231088342644,0,0,0.0,1.0
f__pymfe.landmarking.worst_node.histogram.8,63,83,0.028571428571428574,0.026506024096385545,0.03893323285488005,0.03893323285488005,0.041499330655957165,0.9999988362900092,0.12839436692444184,0,1,0.012048192771084338,1.0
f__pymfe.relative.worst_node.histogram.8,63,83,0.028571428571428574,0.026506024096385545,0.03893323285488005,0.03893323285488005,0.041499330655957165,0.9999988362900092,0.12839436692444184,0,1,0.012048192771084338,1.0
f__pymfe.model-based.leaves_per_class.iq_range,63,83,0.06132575873675785,0.06375085037804556,-0.038924685063591744,0.038924685063591744,0.1721170395869191,0.20747010043364414,0.21759010289027783,4,1,0.060240963855421686,0.7229881978155034
f__pymfe.landmarking.worst_node.sd.relative,71,100,3.619718309859155,3.535,0.03881441574356643,0.03881441574356643,0.08746478873239437,0.8717116959320426,0.08479987187839674,0,0,0.0,1.0
f__pymfe.relative.worst_node.sd.relative,71,100,3.619718309859155,3.535,0.03881441574356643,0.03881441574356643,0.08746478873239437,0.8717116959320426,0.08479987187839674,0,0,0.0,1.0
f__pymfe.model-based.nodes_per_level.histogram.3,63,83,0.05610465478205322,0.05455339482775761,0.03877139279264471,0.03877139279264471,0.15031554790590934,0.34778198981846115,0.11813394570423785,0,0,0.0,0.8396001952996885
f__pymfe.statistical.mean.histogram.4,63,83,0.05060584474939015,0.047465368967332534,0.038605751956916234,0.038605751956916234,0.07974756167527251,0.9571602803679453,0.11907896380773789,0,4,0.04819277108433735,1.0
f__pymfe.info-theory.attr_conc.histogram.6,21,47,0.013970487184772869,0.014900908783887492,-0.03822744192575993,0.03822744192575993,0.11955420466058764,0.9647237074663851,0.20690679611284826,0,3,0.06382978723404255,1.0
f__pymfe.landmarking.random_node.histogram.5,63,83,0.3746031746031745,0.35963855421686747,0.03584229243570696,0.03584229243570696,0.10154905335628227,0.8065116137155286,0.04542777751206961,0,0,0.0,1.0
f__pymfe.relative.random_node.histogram.5,63,83,0.3746031746031745,0.35963855421686747,0.03584229243570696,0.03584229243570696,0.10154905335628227,0.8065116137155286,0.04542777751206961,0,0,0.0,1.0
f__pymfe.landmarking.linear_discr.histogram.6,63,83,0.06428571428571428,0.06626506024096385,-0.03549904500658639,0.03549904500658639,0.09772423025435073,0.8398857816271013,0.14229398424570464,0,0,0.0,1.0
f__pymfe.relative.linear_discr.histogram.6,63,83,0.06428571428571428,0.06626506024096385,-0.03549904500658639,0.03549904500658639,0.09772423025435073,0.8398857816271013,0.14229398424570464,0,0,0.0,1.0
f__pymfe.general.freq_class.histogram.2,71,100,0.027183614507558167,0.02978030303030302,-0.03548059108220209,0.03548059108220209,0.01915492957746479,1.0,0.044071499000484134,0,0,0.0,1.0
f__pymfe.statistical.max.kurtosis,55,77,8.36272182668662,7.664226779993111,0.034940800091398015,0.034940800091398015,0.2025974025974026,0.12472393049908385,0.16626510860537763,0,2,0.025974025974025976,0.5682537303294807
f__pymfe.landmarking.random_node.histogram.0.relative,71,100,3.573943661971831,3.63,-0.0348805853312517,0.0348805853312517,0.05971830985915493,0.9953643197862803,0.10401241129030628,0,0,0.0,1.0
f__pymfe.relative.random_node.histogram.0.relative,71,100,3.573943661971831,3.63,-0.0348805853312517,0.0348805853312517,0.05971830985915493,0.9953643197862803,0.10401241129030628,0,0,0.0,1.0
f__pymfe.landmarking.worst_node.histogram.7.relative,71,100,3.742957746478873,3.7975,-0.03460492886579865,0.03460492886579865,0.057323943661971834,0.9972777221487124,0.0863182811846804,0,0,0.0,1.0
f__pymfe.relative.worst_node.histogram.7.relative,71,100,3.742957746478873,3.7975,-0.03460492886579865,0.03460492886579865,0.057323943661971834,0.9972777221487124,0.0863182811846804,0,0,0.0,1.0
f__pymfe.statistical.sd.histogram.7,63,83,0.02820234560581202,0.03027402818013713,-0.03459896634098633,0.03459896634098633,0.10766877031937273,0.7477090513330303,0.12557196196047127,0,2,0.024096385542168676,1.0
f__pymfe.statistical.t_mean.histogram.2,63,83,0.054325577263031756,0.057599901839440054,-0.03445577442825405,0.03445577442825405,0.07133295085102315,0.9840477518293982,0.09944253874269317,0,1,0.012048192771084338,1.0
f__pymfe.statistical.max.histogram.8,63,83,0.02249394250057495,0.02032068454656719,0.03429573494263354,0.03429573494263354,0.10116657104608912,0.8104112251625423,0.13656710747805653,0,0,0.0,1.0
f__pymfe.landmarking.random_node.histogram.4.relative,71,100,3.841549295774648,3.795,0.03426883259828497,0.03426883259828497,0.08070422535211268,0.9227849576409755,0.1436992017322914,0,1,0.01,1.0
f__pymfe.relative.random_node.histogram.4.relative,71,100,3.841549295774648,3.795,0.03426883259828497,0.03426883259828497,0.08070422535211268,0.9227849576409755,0.1436992017322914,0,1,0.01,1.0
f__pymfe.landmarking.worst_node.range.relative,71,100,3.591549295774648,3.5175,0.034110542324785324,0.034110542324785324,0.0628169014084507,0.991602090206288,0.0750003892697871,0,0,0.0,1.0
f__pymfe.relative.worst_node.range.relative,71,100,3.591549295774648,3.5175,0.034110542324785324,0.034110542324785324,0.0628169014084507,0.991602090206288,0.0750003892697871,0,0,0.0,1.0
f__pymfe.landmarking.random_node.histogram.6.relative,71,100,3.926056338028169,3.88,0.03356288351127416,0.03356288351127416,0.07436619718309859,0.9576684478197498,0.11615398032946124,0,0,0.0,1.0
f__pymfe.relative.random_node.histogram.6.relative,71,100,3.926056338028169,3.88,0.03356288351127416,0.03356288351127416,0.07436619718309859,0.9576684478197498,0.11615398032946124,0,0,0.0,1.0
f__pymfe.landmarking.linear_discr.skewness.relative,71,100,3.556338028169014,3.6,-0.03249303368963662,0.03249303368963662,0.047605633802816905,0.9998634655992051,0.09097465739108967,0,0,0.0,1.0
f__pymfe.relative.linear_discr.skewness.relative,71,100,3.556338028169014,3.6,-0.03249303368963662,0.03249303368963662,0.047605633802816905,0.9998634655992051,0.09097465739108967,0,0,0.0,1.0
f__pymfe.statistical.skewness.histogram.8,60,72,0.02644941362227076,0.02869912095930691,-0.031910990408594,0.031910990408594,0.13055555555555556,0.585010367663816,0.2042035600423158,0,2,0.027777777777777776,0.9717925317081479
f__pymfe.landmarking.naive_bayes.histogram.8.relative,71,100,4.017605633802817,4.0475,-0.03127813763791052,0.03127813763791052,0.05591549295774648,0.9980684479661929,0.0924008166579383,0,4,0.04,1.0
f__pymfe.relative.naive_bayes.histogram.8.relative,71,100,4.017605633802817,4.0475,-0.03127813763791052,0.03127813763791052,0.05591549295774648,0.9980684479661929,0.0924008166579383,0,4,0.04,1.0
f__pymfe.statistical.t_mean.histogram.7,63,83,0.031749422890952575,0.029883910687470913,0.031119931070335123,0.031119931070335123,0.1038439472174412,0.7846808697393527,0.10066369260910299,0,1,0.012048192771084338,1.0
f__pymfe.landmarking.elite_nn.histogram.4.relative,71,100,3.943661971830986,3.905,0.030730368950699954,0.030730368950699954,0.09380281690140845,0.8139353498327071,0.10631783837230757,0,0,0.0,1.0
f__pymfe.relative.elite_nn.histogram.4.relative,71,100,3.943661971830986,3.905,0.030730368950699954,0.030730368950699954,0.09380281690140845,0.8139353498327071,0.10631783837230757,0,0,0.0,1.0
f__pymfe.landmarking.naive_bayes.histogram.7,63,83,0.06825396825396823,0.06987951807228915,-0.03060609851233092,0.03060609851233092,0.06310958118187034,0.9959977174376919,0.14993026641886542,0,2,0.024096385542168676,1.0
f__pymfe.relative.naive_bayes.histogram.7,63,83,0.06825396825396823,0.06987951807228915,-0.03060609851233092,0.03060609851233092,0.06310958118187034,0.9959977174376919,0.14993026641886542,0,2,0.024096385542168676,1.0
f__pymfe.info-theory.attr_ent.histogram.1,23,51,0.07897095216125241,0.08347723080123015,-0.0303959315414721,0.0303959315414721,0.0937766410912191,0.9951915954497057,0.11475870515293424,0,1,0.0196078431372549,1.0
f__pymfe.landmarking.worst_node.iq_range.relative,71,100,3.5422535211267605,3.4775,0.030109580912949577,0.030109580912949577,0.0628169014084507,0.991602090206288,0.06158894906838998,0,0,0.0,1.0
f__pymfe.relative.worst_node.iq_range.relative,71,100,3.5422535211267605,3.4775,0.030109580912949577,0.030109580912949577,0.0628169014084507,0.991602090206288,0.06158894906838998,0,0,0.0,1.0
f__pymfe.landmarking.one_nn.histogram.8.relative,71,100,4.288732394366197,4.32,-0.029978976923550216,0.029978976923550216,0.06704225352112676,0.9832869059064943,0.10671444678785647,0,0,0.0,1.0
f__pymfe.relative.one_nn.histogram.8.relative,71,100,4.288732394366197,4.32,-0.029978976923550216,0.029978976923550216,0.06704225352112676,0.9832869059064943,0.10671444678785647,0,0,0.0,1.0
f__pymfe.landmarking.random_node.histogram.0,63,83,0.0984126984126984,0.10120481927710842,-0.02873363636993721,0.02873363636993721,0.03939567794989482,0.9999997135370925,0.11867804324982542,0,1,0.012048192771084338,1.0
f__pymfe.relative.random_node.histogram.0,63,83,0.0984126984126984,0.10120481927710842,-0.02873363636993721,0.02873363636993721,0.03939567794989482,0.9999997135370925,0.11867804324982542,0,1,0.012048192771084338,1.0
f__pymfe.landmarking.naive_bayes.histogram.7.relative,71,100,4.327464788732394,4.3575,-0.028034618433942185,0.028034618433942185,0.07690140845070423,0.9451937180572941,0.14373776510593955,7,0,0.07,1.0
f__pymfe.relative.naive_bayes.histogram.7.relative,71,100,4.327464788732394,4.3575,-0.028034618433942185,0.028034618433942185,0.07690140845070423,0.9451937180572941,0.14373776510593955,7,0,0.07,1.0
f__pymfe.info-theory.joint_ent.histogram.8,23,51,0.04847635705956544,0.04608237373112503,0.027578253811967973,0.027578253811967973,0.10400682011935208,0.9849623104036035,0.13508742758274747,0,3,0.058823529411764705,1.0
f__pymfe.statistical.h_mean.histogram.3,47,50,0.01992478429884614,0.021203477553952705,-0.027507059993975878,0.027507059993975878,0.09659574468085107,0.9510727928046997,0.16303368441341726,0,1,0.02,1.0
f__pymfe.statistical.max.histogram.9,63,83,0.17998098622071387,0.18692337969820788,-0.027449885160306036,0.027449885160306036,0.19410977242302543,0.11417642049492426,0.19444055715307282,0,2,0.024096385542168676,0.5477957480959916
f__pymfe.landmarking.linear_discr.histogram.9.relative,71,100,3.9401408450704225,3.91,0.027152401978777295,0.027152401978777295,0.07169014084507042,0.9685793047128488,0.15390124524728344,0,0,0.0,1.0
f__pymfe.relative.linear_discr.histogram.9.relative,71,100,3.9401408450704225,3.91,0.027152401978777295,0.027152401978777295,0.07169014084507042,0.9685793047128488,0.15390124524728344,0,0,0.0,1.0
f__pymfe.model-based.nodes_per_level.quantiles.1,63,83,4.884920634920635,5.031626506024097,-0.026822845117796788,0.026822845117796788,0.2017594186268885,0.09121131285745326,0.17974580031698134,10,1,0.13253012048192772,0.5076796337170055
f__pymfe.model-based.leaves_per_class.histogram.2,63,83,0.025595854762521426,0.0241649782613638,0.0264869507195528,0.0264869507195528,0.06942053930005737,0.9881683180740474,0.18319486507863122,0,4,0.04819277108433735,1.0
f__pymfe.landmarking.one_nn.histogram.6.relative,71,100,4.612676056338028,4.585,0.02560134653548679,0.02560134653548679,0.07098591549295774,0.9714401733957237,0.11877096391964354,3,2,0.05,1.0
f__pymfe.relative.one_nn.histogram.6.relative,71,100,4.612676056338028,4.585,0.02560134653548679,0.02560134653548679,0.07098591549295774,0.9714401733957237,0.11877096391964354,3,2,0.05,1.0
f__pymfe.model-based.tree_imbalance.sd,63,82,0.07933847707570653,0.07999562590856843,-0.025539115612902147,0.025539115612902147,0.12059620596205962,0.6204586532578916,0.24904417966581416,1,4,0.06097560975609756,0.9743956899086752
f__pymfe.statistical.eigenvalues.histogram.6,62,80,0.006828325457177169,0.007642477618476713,-0.02514622302476813,0.02514622302476813,0.0810483870967742,0.9564488230483981,0.056312265267170654,0,0,0.0,1.0
f__pymfe.landmarking.one_nn.histogram.7.relative,71,100,4.383802816901408,4.41,-0.025112202166248765,0.025112202166248765,0.08535211267605634,0.889034655028787,0.1288332952120662,0,0,0.0,1.0
f__pymfe.relative.one_nn.histogram.7.relative,71,100,4.383802816901408,4.41,-0.025112202166248765,0.025112202166248765,0.08535211267605634,0.889034655028787,0.1288332952120662,0,0,0.0,1.0
f__pymfe.model-based.var_importance.skewness,62,80,3.5202665095840437,3.3780627721950225,0.025092384914661585,0.025092384914661585,0.22258064516129034,0.05166075462936427,0.22491716328601088,0,0,0.0,0.4184505477719428
f__pymfe.statistical.sparsity.skewness,64,95,1.5965226501441685,1.6875080842357695,-0.02504355242280069,0.02504355242280069,0.1787828947368421,0.14964809721806244,0.24759558137607326,0,2,0.021052631578947368,0.6346187826469685
f__pymfe.statistical.iq_range.histogram.7,63,83,0.02310212636955685,0.024436730685825175,-0.025023601999832414,0.025023601999832414,0.08108624976094855,0.951751008533709,0.1638201555070572,0,0,0.0,1.0
f__pymfe.landmarking.random_node.histogram.1,63,83,0.01904761904761905,0.01807228915662651,0.02495097180974234,0.02495097180974234,0.10499139414802065,0.7749768919061544,0.24446448049808872,0,2,0.024096385542168676,1.0
f__pymfe.relative.random_node.histogram.1,63,83,0.01904761904761905,0.01807228915662651,0.02495097180974234,0.02495097180974234,0.10499139414802065,0.7749768919061544,0.24446448049808872,0,2,0.024096385542168676,1.0
f__pymfe.landmarking.worst_node.histogram.2,63,83,0.02301587301587302,0.024096385542168676,-0.024683587271926866,0.024683587271926866,0.03270223752151463,0.9999999997073845,0.09972661563353728,0,2,0.024096385542168676,1.0
f__pymfe.relative.worst_node.histogram.2,63,83,0.02301587301587302,0.024096385542168676,-0.024683587271926866,0.024683587271926866,0.03270223752151463,0.9999999997073845,0.09972661563353728,0,2,0.024096385542168676,1.0
f__pymfe.statistical.skewness.quantiles.3,60,72,3.070592998564444,3.3173149467495797,-0.024470416313673277,0.024470416313673277,0.18611111111111112,0.18226194436934018,0.24404386404363076,1,2,0.041666666666666664,0.6967497765765257
f__pymfe.landmarking.naive_bayes.histogram.0,63,83,0.1325396825396825,0.13132530120481928,0.02414227615883648,0.02414227615883648,0.04455918913750239,0.9999928909103553,0.1283692002561101,0,0,0.0,1.0
f__pymfe.relative.naive_bayes.histogram.0,63,83,0.1325396825396825,0.13132530120481928,0.02414227615883648,0.02414227615883648,0.04455918913750239,0.9999928909103553,0.1283692002561101,0,0,0.0,1.0
f__pymfe.statistical.kurtosis.histogram.1,60,72,0.10403827002360341,0.1068381853276723,-0.024065175685550465,0.024065175685550465,0.13055555555555556,0.585010367663816,0.13114498239932162,0,2,0.027777777777777776,0.9717925317081479
f__pymfe.landmarking.random_node.histogram.8.relative,71,100,3.852112676056338,3.8825,-0.024024219245035963,0.024024219245035963,0.06901408450704226,0.9778956310096202,0.0693211127847577,0,1,0.01,1.0
f__pymfe.relative.random_node.histogram.8.relative,71,100,3.852112676056338,3.8825,-0.024024219245035963,0.024024219245035963,0.06901408450704226,0.9778956310096202,0.0693211127847577,0,1,0.01,1.0
f__pymfe.info-theory.attr_ent.histogram.8,23,51,0.029608111653865295,0.028095909983415615,0.024012327330044048,0.024012327330044048,0.0733162830349531,0.9998906502325784,0.09881547560439169,0,1,0.0196078431372549,1.0
f__pymfe.landmarking.worst_node.histogram.5.relative,71,100,4.669014084507042,4.625,0.023954887411844837,0.023954887411844837,0.07746478873239436,0.941752059067421,0.0871781529935484,1,0,0.01,1.0
f__pymfe.relative.worst_node.histogram.5.relative,71,100,4.669014084507042,4.625,0.023954887411844837,0.023954887411844837,0.07746478873239436,0.941752059067421,0.0871781529935484,1,0,0.01,1.0
f__pymfe.general.freq_class.iq_range,71,100,0.14304562739062282,0.1462226722655048,-0.02304197126821922,0.02304197126821922,0.193943661971831,0.07424742878115194,0.12657326552275983,0,3,0.03,0.47497500899909234
f__pymfe.statistical.skewness.median,60,72,1.7308753787482665,1.8900402815467732,-0.022940049082454103,0.022940049082454103,0.12777777777777777,0.6114871528130154,0.23122754172944895,1,1,0.027777777777777776,0.9743956899086752
f__pymfe.statistical.skewness.quantiles.2,60,72,1.7308753787482665,1.8900402815467732,-0.022940049082454103,0.022940049082454103,0.12777777777777777,0.6114871528130154,0.23122754172944895,1,1,0.027777777777777776,0.9743956899086752
f__pymfe.landmarking.one_nn.histogram.9.relative,71,100,4.397887323943662,4.3725,0.022780882846453805,0.022780882846453805,0.05943661971830986,0.9956489903273624,0.086918959143115,2,0,0.02,1.0
f__pymfe.relative.one_nn.histogram.9.relative,71,100,4.397887323943662,4.3725,0.022780882846453805,0.022780882846453805,0.05943661971830986,0.9956489903273624,0.086918959143115,2,0,0.02,1.0
f__pymfe.landmarking.linear_discr.iq_range.relative,71,100,4.394366197183099,4.365,0.022583443166479526,0.022583443166479526,0.07647887323943663,0.9475845354191681,0.13638126549031915,0,0,0.0,1.0
f__pymfe.relative.linear_discr.iq_range.relative,71,100,4.394366197183099,4.365,0.022583443166479526,0.022583443166479526,0.07647887323943663,0.9475845354191681,0.13638126549031915,0,0,0.0,1.0
f__pymfe.statistical.kurtosis.histogram.0,60,72,0.48542273743538455,0.47886673142548386,0.022430499650223645,0.022430499650223645,0.13055555555555556,0.585010367663816,0.1711068625410884,0,1,0.013888888888888888,0.9717925317081479
f__pymfe.landmarking.linear_discr.kurtosis.relative,71,100,3.4295774647887325,3.4575,-0.022197988947081443,0.022197988947081443,0.0776056338028169,0.94086721964627,0.12854817313068245,0,2,0.02,1.0
f__pymfe.relative.linear_discr.kurtosis.relative,71,100,3.4295774647887325,3.4575,-0.022197988947081443,0.022197988947081443,0.0776056338028169,0.94086721964627,0.12854817313068245,0,2,0.02,1.0
f__pymfe.model-based.leaves_branch.histogram.3,63,83,0.13719610031604426,0.13551061799090752,0.022094229149054092,0.022094229149054092,0.11723082807420157,0.6530611784214363,0.17631011630241783,0,1,0.012048192771084338,0.9904040387980723
f__pymfe.landmarking.elite_nn.histogram.0,63,83,0.13253968253968254,0.13433734939759034,-0.021954804126711806,0.021954804126711806,0.03231975521132148,0.9999999998197655,0.10686691683969339,0,1,0.012048192771084338,1.0
f__pymfe.relative.elite_nn.histogram.0,63,83,0.13253968253968254,0.13433734939759034,-0.021954804126711806,0.021954804126711806,0.03231975521132148,0.9999999998197655,0.10686691683969339,0,1,0.012048192771084338,1.0
f__pymfe.statistical.can_cor.histogram.0,63,83,0.0994633408919123,0.1026370362401989,-0.02180044873005512,0.02180044873005512,0.11474469305794607,0.6763714225610475,0.17583345373868095,0,0,0.0,1.0
f__pymfe.landmarking.best_node.histogram.6.relative,71,100,3.341549295774648,3.3725,-0.021647648416399132,0.021647648416399132,0.07619718309859155,0.9484052251830537,0.15182426001589497,0,0,0.0,1.0
f__pymfe.relative.best_node.histogram.6.relative,71,100,3.341549295774648,3.3725,-0.021647648416399132,0.021647648416399132,0.07619718309859155,0.9484052251830537,0.15182426001589497,0,0,0.0,1.0
f__pymfe.landmarking.worst_node.histogram.0,63,83,0.146031746031746,0.15,-0.02094990967387361,0.02094990967387361,0.06368330464716007,0.9955638938020099,0.09821796226443744,0,1,0.012048192771084338,1.0
f__pymfe.relative.worst_node.histogram.0,63,83,0.146031746031746,0.15,-0.02094990967387361,0.02094990967387361,0.06368330464716007,0.9955638938020099,0.09821796226443744,0,1,0.012048192771084338,1.0
f__pymfe.model-based.tree_imbalance.histogram.9,63,83,0.08870638293198019,0.08758419811019633,0.01927806594254154,0.01927806594254154,0.12009944540065022,0.6245033098603221,0.12651023005409484,2,1,0.03614457831325301,0.9743956899086752
f__pymfe.statistical.range.histogram.1,63,83,0.05240034279233806,0.05420493717825629,-0.01810361530273205,0.01810361530273205,0.05163511187607573,0.9998183674063316,0.08568998301925235,0,2,0.024096385542168676,1.0
f__pymfe.statistical.max.histogram.7,63,83,0.014741968010067802,0.015463844945498895,-0.018031870946342465,0.018031870946342465,0.08529355517307324,0.9297750303947819,0.08975606267787395,0,3,0.03614457831325301,1.0
f__pymfe.statistical.sparsity.histogram.0,71,100,0.4592025791434142,0.4646425759077323,-0.017225540050775704,0.017225540050775704,0.10422535211267606,0.7073192175775012,0.13537209291410465,0,3,0.03,1.0
f__pymfe.statistical.sd.kurtosis,62,80,4.475905036582074,4.215182170222745,0.017185558176658067,0.017185558176658067,0.2060483870967742,0.08637418120975149,0.23728055769526474,0,2,0.025,0.5007184201030548
f__pymfe.statistical.can_cor.histogram.4,63,83,0.03071554547745024,0.032467369477911644,-0.016681373278356615,0.016681373278356615,0.08586727863836298,0.9260109990866143,0.17890890749276056,0,1,0.012048192771084338,1.0
f__pymfe.statistical.max.histogram.0,63,83,0.43764230138931237,0.43234833195730876,0.015328319378971398,0.015328319378971398,0.11646586345381527,0.6611314955443652,0.12626165189576644,0,1,0.012048192771084338,0.9932462861833341
f__pymfe.landmarking.elite_nn.kurtosis,62,82,-0.8818983574067163,-0.8963701141835543,0.015184752311110031,0.015184752311110031,0.12509834775767112,0.5807024853690883,0.08454786323464873,0,0,0.0,0.9717925317081479
f__pymfe.relative.elite_nn.kurtosis,62,82,-0.8818983574067163,-0.8963701141835543,0.015184752311110031,0.015184752311110031,0.12509834775767112,0.5807024853690883,0.08454786323464873,0,0,0.0,0.9717925317081479
f__pymfe.statistical.mad.histogram.2,63,83,0.051209476738598804,0.05243566029834776,-0.01473802855405757,0.01473802855405757,0.054312488047427804,0.9995650773749852,0.05667134668440499,0,1,0.012048192771084338,1.0
f__pymfe.statistical.max.skewness,55,77,0.9778930379887192,0.9371438593116059,0.014707020842513753,0.014707020842513753,0.14805194805194805,0.4393495023022033,0.22067208321268378,1,3,0.05194805194805195,0.8790429633980655
f__pymfe.statistical.min.histogram.6,63,83,0.02598905866730243,0.024994531473211554,0.01441383438990769,0.01441383438990769,0.0864410021036527,0.9221210466252004,0.200311009241231,0,3,0.03614457831325301,1.0
f__pymfe.landmarking.best_node.histogram.8,63,83,0.024603174603174603,0.02530120481927711,-0.014339375689749436,0.014339375689749436,0.03270223752151463,0.9999999997073845,0.08968306252374433,0,1,0.012048192771084338,1.0
f__pymfe.relative.best_node.histogram.8,63,83,0.024603174603174603,0.02530120481927711,-0.014339375689749436,0.014339375689749436,0.03270223752151463,0.9999999997073845,0.08968306252374433,0,1,0.012048192771084338,1.0
f__pymfe.model-based.nodes_per_level.kurtosis,63,81,-1.168166982400548,-1.1597027761443222,-0.01431142644336729,0.01431142644336729,0.14991181657848324,0.3630003224647901,0.2433626068605181,3,0,0.037037037037037035,0.856980142726154
f__pymfe.landmarking.naive_bayes.histogram.6,63,83,0.07698412698412695,0.07771084337349397,-0.013957117074476184,0.013957117074476184,0.056989864218779884,0.999073490771332,0.1813299167284807,0,1,0.012048192771084338,1.0
f__pymfe.relative.naive_bayes.histogram.6,63,83,0.07698412698412695,0.07771084337349397,-0.013957117074476184,0.013957117074476184,0.056989864218779884,0.999073490771332,0.1813299167284807,0,1,0.012048192771084338,1.0
f__pymfe.landmarking.naive_bayes.histogram.3.relative,71,100,4.366197183098592,4.3525,0.013910108607406437,0.013910108607406437,0.07126760563380281,0.9703161755790508,0.15747627839841752,0,1,0.01,1.0
f__pymfe.relative.naive_bayes.histogram.3.relative,71,100,4.366197183098592,4.3525,0.013910108607406437,0.013910108607406437,0.07126760563380281,0.9703161755790508,0.15747627839841752,0,1,0.01,1.0
f__pymfe.statistical.median.histogram.6,63,83,0.03992296783587283,0.039022970159473744,0.013521253924744275,0.013521253924744275,0.08032128514056225,0.9553095905270664,0.1122437084598803,0,0,0.0,1.0
f__pymfe.landmarking.elite_nn.kurtosis.relative,71,100,3.3732394366197185,3.39,-0.012891857404898484,0.012891857404898484,0.050422535211267605,0.9996175324586493,0.12592855201026143,0,0,0.0,1.0
f__pymfe.relative.elite_nn.kurtosis.relative,71,100,3.3732394366197185,3.39,-0.012891857404898484,0.012891857404898484,0.050422535211267605,0.9996175324586493,0.12592855201026143,0,0,0.0,1.0
f__pymfe.landmarking.best_node.skewness.relative,71,100,3.397887323943662,3.4175,-0.01240115109131203,0.01240115109131203,0.05535211267605634,0.9983437363733347,0.0601781007640298,0,1,0.01,1.0
f__pymfe.relative.best_node.skewness.relative,71,100,3.397887323943662,3.4175,-0.01240115109131203,0.01240115109131203,0.05535211267605634,0.9983437363733347,0.0601781007640298,0,1,0.01,1.0
f__pymfe.model-based.nodes_repeated.histogram.7,63,83,0.021940683027868564,0.021462911126256087,0.012176854274739652,0.012176854274739652,0.1038439472174412,0.7846808697393527,0.12854400940826338,0,0,0.0,1.0
f__pymfe.statistical.min.median,63,83,8.92407536763456,11.376976097810392,-0.011957319899177064,0.011957319899177064,0.15509657678332378,0.3129915580332295,0.21404254243237686,6,1,0.08433734939759036,0.8171448009666713
f__pymfe.statistical.min.quantiles.2,63,83,8.92407536763456,11.376976097810392,-0.011957319899177064,0.011957319899177064,0.15509657678332378,0.3129915580332295,0.21404254243237686,6,1,0.08433734939759036,0.8171448009666713
f__pymfe.model-based.var_importance.kurtosis,62,80,52.41091493448934,54.59430379348697,-0.011758414800378229,0.011758414800378229,0.2157258064516129,0.06425985180954383,0.186686194937045,0,0,0.0,0.43969265524366724
f__pymfe.landmarking.best_node.histogram.6,63,83,0.05317460317460317,0.05240963855421686,0.011395656417468394,0.011395656417468394,0.045706636068081855,0.9999866113927828,0.11120509829421563,0,0,0.0,1.0
f__pymfe.relative.best_node.histogram.6,63,83,0.05317460317460317,0.05240963855421686,0.011395656417468394,0.011395656417468394,0.045706636068081855,0.9999866113927828,0.11120509829421563,0,0,0.0,1.0
f__pymfe.model-based.leaves_per_class.count,63,83,5.365079365079365,5.265060240963855,0.011070243940590896,0.011070243940590896,0.1367374258940524,0.46274082535997035,0.21840947472897346,0,1,0.012048192771084338,0.8915547392452313
f__pymfe.landmarking.random_node.sd.relative,71,100,2.9788732394366195,2.9975,-0.011037778981994354,0.011037778981994354,0.08690140845070422,0.8770494686584073,0.11218800820009187,0,0,0.0,1.0
f__pymfe.relative.random_node.sd.relative,71,100,2.9788732394366195,2.9975,-0.011037778981994354,0.011037778981994354,0.08690140845070422,0.8770494686584073,0.11218800820009187,0,0,0.0,1.0
f__pymfe.statistical.h_mean.count,71,100,131.14084507042253,138.22,-0.010842504647546594,0.010842504647546594,0.26253521126760565,0.005022378294586885,0.12808063148818113,0,1,0.01,0.13944150862178906
f__pymfe.landmarking.linear_discr.histogram.0.relative,71,100,3.926056338028169,3.9375,-0.010832830252281956,0.010832830252281956,0.06422535211267606,0.9893290557144965,0.1058052308753787,0,1,0.01,1.0
f__pymfe.relative.linear_discr.histogram.0.relative,71,100,3.926056338028169,3.9375,-0.010832830252281956,0.010832830252281956,0.06422535211267606,0.9893290557144965,0.1058052308753787,0,1,0.01,1.0
f__pymfe.landmarking.best_node.histogram.0.relative,71,100,3.387323943661972,3.37,0.010794535697453774,0.010794535697453774,0.06732394366197184,0.9825127115588748,0.11107929186281228,0,0,0.0,1.0
f__pymfe.relative.best_node.histogram.0.relative,71,100,3.387323943661972,3.37,0.010794535697453774,0.010794535697453774,0.06732394366197184,0.9825127115588748,0.11107929186281228,0,0,0.0,1.0
f__pymfe.landmarking.random_node.histogram.3.relative,71,100,3.9577464788732395,3.9725,-0.010384646959530628,0.010384646959530628,0.08690140845070422,0.8770494686584073,0.08493722103942093,0,1,0.01,1.0
f__pymfe.relative.random_node.histogram.3.relative,71,100,3.9577464788732395,3.9725,-0.010384646959530628,0.010384646959530628,0.08690140845070422,0.8770494686584073,0.08493722103942093,0,1,0.01,1.0
f__pymfe.landmarking.linear_discr.histogram.8.relative,71,100,3.926056338028169,3.915,0.010323994206702058,0.010323994206702058,0.04887323943661972,0.9997840930148687,0.09285946491102495,0,0,0.0,1.0
f__pymfe.relative.linear_discr.histogram.8.relative,71,100,3.926056338028169,3.915,0.010323994206702058,0.010323994206702058,0.04887323943661972,0.9997840930148687,0.09285946491102495,0,0,0.0,1.0
f__pymfe.info-theory.attr_conc.histogram.1,21,47,0.09930512609084034,0.10020723956894168,-0.009477018852069752,0.009477018852069752,0.1762917933130699,0.6826157775753131,0.21261438956499468,0,0,0.0,1.0
f__pymfe.landmarking.naive_bayes.histogram.6.relative,71,100,4.288732394366197,4.28,0.008290610205779389,0.008290610205779389,0.06704225352112676,0.9832869059064943,0.0986404229438898,2,0,0.02,1.0
f__pymfe.relative.naive_bayes.histogram.6.relative,71,100,4.288732394366197,4.28,0.008290610205779389,0.008290610205779389,0.06704225352112676,0.9832869059064943,0.0986404229438898,2,0,0.02,1.0
f__pymfe.statistical.range.kurtosis,57,78,7.1659456201438125,7.017445975043892,0.0076232300651454385,0.0076232300651454385,0.2624831309041835,0.01685369808422553,0.20291586746908846,0,2,0.02564102564102564,0.21964616283750832
f__pymfe.model-based.tree_imbalance.range,63,83,0.24111804470517675,0.2406567207245761,0.007502491778425528,0.007502491778425528,0.1424746605469497,0.41140862738521644,0.2178724543709013,1,0,0.012048192771084338,0.8718243989820778
f__pymfe.landmarking.best_node.histogram.4.relative,71,100,3.295774647887324,3.305,-0.006370935406355071,0.006370935406355071,0.12971830985915492,0.4395448276233937,0.16574262916890029,0,1,0.01,0.8790429633980655
f__pymfe.relative.best_node.histogram.4.relative,71,100,3.295774647887324,3.305,-0.006370935406355071,0.006370935406355071,0.12971830985915492,0.4395448276233937,0.16574262916890029,0,1,0.01,0.8790429633980655
f__pymfe.landmarking.elite_nn.histogram.3.relative,71,100,3.936619718309859,3.945,-0.0061797420209132765,0.0061797420209132765,0.06732394366197184,0.9825127115588748,0.11833433706372348,1,4,0.05,1.0
f__pymfe.relative.elite_nn.histogram.3.relative,71,100,3.936619718309859,3.945,-0.0061797420209132765,0.0061797420209132765,0.06732394366197184,0.9825127115588748,0.11833433706372348,1,4,0.05,1.0
f__pymfe.statistical.sparsity.quantiles.1,71,100,0.08401974268438415,0.08319398551980667,0.0056715899180425685,0.0056715899180425685,0.12338028169014084,0.5022512564501543,0.04195405030821101,0,2,0.02,0.9194068471294403
f__pymfe.landmarking.naive_bayes.histogram.8,63,83,0.041269841269841276,0.04156626506024096,-0.005611670302922455,0.005611670302922455,0.08032128514056225,0.9553095905270664,0.1582157312825318,0,1,0.012048192771084338,1.0
f__pymfe.relative.naive_bayes.histogram.8,63,83,0.041269841269841276,0.04156626506024096,-0.005611670302922455,0.005611670302922455,0.08032128514056225,0.9553095905270664,0.1582157312825318,0,1,0.012048192771084338,1.0
f__pymfe.info-theory.joint_ent.histogram.5,23,51,0.13539754656551561,0.13399434421249762,0.005492795869236769,0.005492795869236769,0.1773231031543052,0.6241869690478786,0.13078576261663866,0,0,0.0,0.9743956899086752
f__pymfe.statistical.eigenvalues.histogram.5,62,80,0.012469297094956307,0.012281508729971542,0.005284160648358902,0.005284160648358902,0.06169354838709677,0.9975790933672736,0.07795939834933567,0,0,0.0,1.0
f__pymfe.statistical.range.histogram.0,63,83,0.4396110236373135,0.4381058267311085,0.004440168836491903,0.004440168836491903,0.09676802447886786,0.8488522582712495,0.1413803911710917,0,1,0.012048192771084338,1.0
f__pymfe.model-based.leaves_per_class.skewness,63,81,0.05650939103670612,0.05784115246683439,-0.0044348881786373945,0.0044348881786373945,0.11816578483245149,0.6566726061618221,0.13044755022728816,0,3,0.037037037037037035,0.9928026827687558
f__pymfe.statistical.cov.histogram.7,62,80,0.008378239158603853,0.008275185165325554,0.0043075163496202815,0.0043075163496202815,0.11370967741935484,0.7028631046012762,0.09141855950381435,0,1,0.0125,1.0
f__pymfe.statistical.sd.histogram.3,63,83,0.061575546219999305,0.06194936316296753,-0.004251843068578405,0.004251843068578405,0.09600305985848155,0.8549512981175947,0.08943866450405635,0,0,0.0,1.0
f__pymfe.info-theory.class_conc.histogram.6,23,51,0.023040560182318877,0.0228615903359933,0.0037524184918341454,0.0037524184918341454,0.10485933503836317,0.983575709677729,0.19834391309844093,0,0,0.0,1.0
f__pymfe.landmarking.one_nn.histogram.2,63,83,0.05555555555555556,0.05542168674698795,0.0026387526424319976,0.0026387526424319976,0.04073436603557085,0.9999993227261887,0.07792382109509523,0,1,0.012048192771084338,1.0
f__pymfe.relative.one_nn.histogram.2,63,83,0.05555555555555556,0.05542168674698795,0.0026387526424319976,0.0026387526424319976,0.04073436603557085,0.9999993227261887,0.07792382109509523,0,1,0.012048192771084338,1.0
f__pymfe.landmarking.random_node.range.relative,71,100,3.0492957746478875,3.045,0.0025100493424831216,0.0025100493424831216,0.09690140845070423,0.7846693923483887,0.11316200837528714,0,0,0.0,1.0
f__pymfe.relative.random_node.range.relative,71,100,3.0492957746478875,3.045,0.0025100493424831216,0.0025100493424831216,0.09690140845070423,0.7846693923483887,0.11316200837528714,0,0,0.0,1.0
f__pymfe.model-based.leaves_branch.histogram.8,63,83,0.047498369674702126,0.04758327299769664,-0.0021541179637706957,0.0021541179637706957,0.17096959265633965,0.21363603106648726,0.22774937476359206,0,2,0.024096385542168676,0.7301888226003818
f__pymfe.model-based.leaves_corrob.histogram.7,63,83,0.0032034056155973833,0.0031867989162891615,0.0020212848949620115,0.0020212848949620115,0.13233887932683114,0.5033487301354652,0.1774917498752506,0,1,0.012048192771084338,0.9194068471294403
f__pymfe.info-theory.mut_inf.histogram.1,23,51,0.08911061046035189,0.08926174375061201,-0.0015406076585194183,0.0015406076585194183,0.1423699914748508,0.8490426240278258,0.1476143389004044,0,3,0.058823529411764705,1.0
f__pymfe.statistical.h_mean.histogram.7,47,50,0.014954618553701069,0.015007481845892541,-0.0014194698077548043,0.0014194698077548043,0.13787234042553193,0.6729272590023576,0.1860091996815677,0,2,0.04,1.0
f__pymfe.statistical.cov.histogram.3,62,80,0.02993620204504258,0.03000017447970469,-0.0012551849061099697,0.0012551849061099697,0.07943548387096774,0.9630219904170848,0.11584546038981686,0,1,0.0125,1.0
f__pymfe.landmarking.best_node.histogram.2.relative,71,100,3.288732394366197,3.2875,0.0008869842174053455,0.0008869842174053455,0.14253521126760563,0.32736736109781783,0.176827952272032,0,2,0.02,0.8199529372496906
f__pymfe.relative.best_node.histogram.2.relative,71,100,3.288732394366197,3.2875,0.0008869842174053455,0.0008869842174053455,0.14253521126760563,0.32736736109781783,0.176827952272032,0,2,0.02,0.8199529372496906
f__pymfe.statistical.skewness.kurtosis,59,69,2.5685249320195918,2.565019768083838,0.00031060369323026085,0.00031060369323026085,0.23876197494473103,0.04222263560420024,0.17557026402013345,0,1,0.014492753623188406,0.3718839828216098
f__pymfe.statistical.kurtosis.histogram.5,60,72,0.058363951291633055,0.058418532478023706,-0.00030835880325850285,0.00030835880325850285,0.20833333333333334,0.10080507661565608,0.20516625005694517,0,0,0.0,0.5226938447064451
f__pymfe.model-based.tree_shape.histogram.6,63,83,0.022536651878373195,0.022528036411743568,0.00019918120042342885,0.00019918120042342885,0.16121629374641422,0.27153213401170906,0.14108905263595242,0,1,0.012048192771084338,0.803073820702527
f__pymfe.landmarking.best_node.count.relative,71,100,4.0,4.0,,,0.0,1.0,,0,0,0.0,1.0
f__pymfe.landmarking.elite_nn.count.relative,71,100,4.0,4.0,,,0.0,1.0,,0,0,0.0,1.0
f__pymfe.landmarking.linear_discr.count.relative,71,100,4.0,4.0,,,0.0,1.0,,0,0,0.0,1.0
f__pymfe.landmarking.naive_bayes.count.relative,71,100,4.0,4.0,,,0.0,1.0,,0,0,0.0,1.0
f__pymfe.landmarking.one_nn.count.relative,71,100,4.0,4.0,,,0.0,1.0,,0,0,0.0,1.0
f__pymfe.landmarking.random_node.count.relative,71,100,4.0,4.0,,,0.0,1.0,,0,0,0.0,1.0
f__pymfe.landmarking.worst_node.count.relative,71,100,4.0,4.0,,,0.0,1.0,,0,0,0.0,1.0
f__pymfe.model-based.leaves_homo.histogram.6,63,83,0.0,0.0,,,0.0,1.0,,0,0,0.0,1.0
f__pymfe.model-based.leaves_homo.histogram.7,63,83,0.0,0.0,,,0.0,1.0,,0,0,0.0,1.0
f__pymfe.model-based.leaves_homo.histogram.8,63,83,0.0,0.0,,,0.0,1.0,,0,0,0.0,1.0
f__pymfe.model-based.nodes_per_level.min,63,83,1.0,1.0,,,0.0,1.0,,0,0,0.0,1.0
f__pymfe.model-based.nodes_per_level.quantiles.0,63,83,1.0,1.0,,,0.0,1.0,,0,0,0.0,1.0
f__pymfe.model-based.tree_depth.min,63,83,0.0,0.0,,,0.0,1.0,,0,0,0.0,1.0
f__pymfe.model-based.tree_depth.quantiles.0,63,83,0.0,0.0,,,0.0,1.0,,0,0,0.0,1.0
f__pymfe.model-based.tree_shape.histogram.8,63,83,0.0,0.0,,,0.0,1.0,,0,0,0.0,1.0
f__pymfe.relative.best_node.count.relative,71,100,4.0,4.0,,,0.0,1.0,,0,0,0.0,1.0
f__pymfe.relative.elite_nn.count.relative,71,100,4.0,4.0,,,0.0,1.0,,0,0,0.0,1.0
f__pymfe.relative.linear_discr.count.relative,71,100,4.0,4.0,,,0.0,1.0,,0,0,0.0,1.0
f__pymfe.relative.naive_bayes.count.relative,71,100,4.0,4.0,,,0.0,1.0,,0,0,0.0,1.0
f__pymfe.relative.one_nn.count.relative,71,100,4.0,4.0,,,0.0,1.0,,0,0,0.0,1.0
f__pymfe.relative.random_node.count.relative,71,100,4.0,4.0,,,0.0,1.0,,0,0,0.0,1.0
f__pymfe.relative.worst_node.count.relative,71,100,4.0,4.0,,,0.0,1.0,,0,0,0.0,1.0
